Title,rating,is_action,is_crime,is_music,is_drama,is_family,is_comedy,is_romance,is_fantasy,is_mystery,is_war,is_biography,is_history,is_thriller,is_adventure,is_horror,is_animation,is_sport,is_sci-fi,is_documentary,duration_m,log_box_office,star_score,special_day
C.I.D.,7.1,1,1,1,0,0,0,0,0,0,0,0,0,0,0,0,0,0,0,0,146.0,4.6999661643494415,0,0
Fashion,8.0,0,0,0,1,1,0,0,0,0,0,0,0,0,0,0,0,0,0,0,148.0,7.7086772653511755,1,0
Naya Daur,7.9,1,0,1,1,0,0,0,0,0,0,0,0,0,0,0,0,0,0,0,173.0,5.248792018403978,2,0
Chalti Ka Naam Gaadi,7.9,0,0,1,0,0,1,1,0,0,0,0,0,0,0,0,0,0,0,0,173.0,4.620681134969492,0,0
Madhumati,7.7,0,0,1,0,0,0,0,1,1,0,0,0,0,0,0,0,0,0,0,166.0,5.086985648190504,2,0
Mughal-E-Azam,8.1,0,0,0,1,0,0,1,0,0,1,0,0,0,0,0,0,0,0,0,197.0,6.000560552733215,3,0
Sangam,7.3,0,0,1,1,0,0,1,0,0,0,0,0,0,0,0,0,0,0,0,238.0,5.414062704097405,3,0
Shaheed,8.2,0,0,0,1,0,0,0,0,0,0,1,1,0,0,0,0,0,0,0,150.0,3.701346382043757,0,0
Guide,8.3,0,0,0,1,0,0,1,0,0,0,0,0,0,0,0,0,0,0,0,183.0,4.534435047377895,0,0
Waqt,7.6,0,0,0,1,0,0,1,0,0,0,0,0,0,0,0,0,0,0,0,178.0,5.068949448018036,1,0
Jewel Thief,7.9,0,1,0,1,0,0,0,0,1,0,0,0,0,0,0,0,0,0,0,186.0,4.4267185507337485,1,0
Ek Phool Do Mali,6.9,0,0,0,1,1,0,0,0,0,0,0,0,0,0,0,0,0,0,0,150.0,4.688239981612541,0,0
Aradhana,7.6,0,0,1,1,0,0,1,0,0,0,0,0,0,0,0,0,0,0,0,169.0,5.022079364133245,1,0
Ittefaq,7.4,0,1,0,0,0,0,0,0,1,0,0,0,1,0,0,0,0,0,0,104.0,4.427050612015236,1,0
Do Raaste,7.1,0,0,0,1,0,0,1,0,0,0,0,0,0,0,0,0,0,0,0,150.0,4.948478248718376,0,0
Johny Mera Naam,7.4,1,0,0,1,0,0,1,0,0,0,0,0,0,0,0,0,0,0,0,159.0,5.109073026082799,1,0
Guddi,7.2,0,0,0,1,1,1,0,0,0,0,0,0,0,0,0,0,0,0,0,121.0,3.456347208554027,0,0
Anand,8.1,0,0,1,1,0,0,0,0,0,0,0,0,0,0,0,0,0,0,0,122.0,3.6781473392526474,1,0
Haathi Mere Saathi,6.9,0,0,1,1,1,0,0,0,0,0,0,0,0,0,0,0,0,0,0,170.0,4.932751246475508,1,0
Mere Apne,7.6,0,0,0,1,0,0,0,0,0,0,0,0,0,0,0,0,0,0,0,164.0,3.539688452929835,0,0
Samadhi,7.1,1,0,0,1,0,0,1,0,0,0,0,0,0,0,0,0,0,0,0,139.0,3.387695177451811,0,1
Loafer,6.6,0,0,0,0,0,0,1,0,0,0,0,0,1,0,0,0,0,0,0,138.0,4.3892019176076795,0,0
Abhimaan,7.8,0,0,1,1,0,0,0,0,0,0,0,0,0,0,0,0,0,0,0,122.0,3.4359876955448905,1,0
Jugnu,6.7,1,0,0,1,0,0,0,0,0,0,0,0,1,0,0,0,0,0,0,149.0,2.9276447891818522,1,0
Bobby,6.9,0,0,1,1,0,1,0,0,0,0,0,0,0,0,0,0,0,0,0,168.0,5.275659216850292,1,0
Aap Ki Kasam,7.0,0,0,0,1,0,0,1,0,0,0,0,0,0,0,0,0,0,0,0,153.0,3.86816306769444,0,0
Julie,6.2,0,0,1,0,1,0,1,0,0,0,0,0,0,0,0,0,0,0,0,145.0,5.36024853842714,0,0
Chupke Chupke,8.3,0,0,0,1,0,1,1,0,0,0,0,0,0,0,0,0,0,0,0,146.0,3.181989293908181,2,0
Jai Santoshi Maa,6.5,0,0,0,1,0,0,0,1,0,0,0,0,0,0,0,0,0,0,0,145.0,4.757661084453234,0,0
Chhoti Si Baat,8.3,0,0,0,0,0,1,1,0,0,0,0,0,0,0,0,0,0,0,0,123.0,3.1747977363005964,0,0
Dus Numbri,5.4,1,0,0,1,0,1,0,0,0,0,0,0,0,0,0,0,0,0,0,155.0,4.665832394017907,2,1
Khoon Pasina,6.0,1,0,0,1,0,0,0,0,0,0,0,0,0,0,0,0,0,0,0,210.0,4.123994749293289,2,0
Amar Akbar Anthony,7.4,1,0,0,1,0,1,0,0,0,0,0,0,0,0,0,0,0,0,0,184.0,5.178048373858076,1,0
Trishul,7.6,1,0,1,1,0,0,0,0,0,0,0,0,0,0,0,0,0,0,0,167.0,4.830521175659742,4,0
Don,7.7,1,1,0,0,0,0,0,0,0,0,0,0,1,0,0,0,0,0,0,175.0,4.383087029047115,3,0
Muqaddar Ka Sikandar,7.4,0,0,0,1,0,0,1,0,0,0,0,0,0,0,0,0,0,0,0,189.0,5.263017967329607,2,0
Sargam,6.5,0,0,1,0,0,0,1,0,0,0,0,0,0,0,0,0,0,0,0,145.0,4.493917893334003,0,0
The Great Gambler,6.4,1,1,0,0,0,0,1,0,0,0,0,0,0,0,0,0,0,0,0,161.0,3.927209223685741,1,0
Noorie,6.2,0,0,0,1,1,0,1,0,0,0,0,0,0,0,0,0,0,0,0,120.0,4.030597939601844,0,0
Mr. Natwarlal,6.5,1,0,0,0,0,1,1,0,0,0,0,0,0,0,0,0,0,0,0,148.0,4.288854462263978,2,0
The Burning Train,7.0,1,0,0,0,0,0,0,0,0,0,0,0,1,0,0,0,0,0,0,142.0,4.2060701941454415,0,0
Karz,7.4,1,0,1,0,0,0,1,0,0,0,0,0,0,0,0,0,0,0,0,159.0,4.04172241258783,0,0
Qurbani,7.1,1,1,0,1,0,0,0,0,0,0,0,0,0,0,0,0,0,0,0,157.0,4.812319847547951,1,0
Dostana,6.4,1,1,0,1,0,0,0,0,0,0,0,0,0,0,0,0,0,0,0,152.0,4.527343770523585,3,1
Ram Balram,6.2,1,0,0,1,0,1,0,0,0,0,0,0,0,0,0,0,0,0,0,169.0,4.580841916738845,1,0
Shaan,7.0,1,0,0,0,0,1,0,0,0,0,0,0,0,1,0,0,0,0,0,181.0,4.470820998743225,3,0
Kranti,7.3,1,0,0,1,0,0,0,0,0,0,0,0,1,0,0,0,0,0,0,188.0,5.212588322764624,6,0
Love Story,6.5,0,0,1,1,0,0,1,0,0,0,0,0,0,0,0,0,0,0,0,161.0,4.663221454093679,0,0
Kudrat,7.1,0,0,0,1,0,0,1,0,1,0,0,0,0,0,0,0,0,0,0,164.0,3.49497612416879,1,0
Rocky,6.5,1,0,0,0,0,0,1,0,0,0,0,0,0,0,0,0,0,0,0,151.0,4.021246374839967,1,0
Laawaris,7.0,1,0,1,1,0,0,0,0,0,0,0,0,0,0,0,0,0,0,0,189.0,3.8809002876411154,2,0
Ek Duuje Ke Liye,7.3,0,0,1,1,0,0,1,0,0,0,0,0,0,0,0,0,0,0,0,167.0,4.474150776410331,0,0
Kaalia,6.7,1,0,0,1,0,0,0,0,0,0,0,0,0,0,0,0,0,0,0,157.0,4.240797360058708,1,1
Satte Pe Satta,7.2,1,0,0,1,0,1,0,0,0,0,0,0,0,0,0,0,0,0,0,160.0,4.248344771432423,3,1
Prem Rog,7.1,0,0,1,1,0,0,1,0,0,0,0,0,0,0,0,0,0,0,0,183.0,4.668269895370421,1,0
Vidhaata,6.8,1,0,0,1,0,0,0,0,0,0,0,0,0,0,0,0,0,0,0,168.0,4.874147365441697,0,0
Disco Dancer,6.5,1,0,1,1,0,0,0,0,0,0,0,0,0,0,0,0,0,0,0,135.0,3.969253848278458,1,0
Coolie,6.6,1,0,0,1,0,1,0,0,0,0,0,0,0,0,0,0,0,0,0,177.0,4.916867134643746,1,0
Hero,6.7,1,0,0,1,0,0,1,0,0,0,0,0,0,0,0,0,0,0,0,173.0,4.555440537431497,0,0
Sharaabi,7.3,0,0,0,1,0,1,1,0,0,0,0,0,0,0,0,0,0,0,0,180.0,3.9988545978236125,1,0
Ram Teri Ganga Maili,6.5,0,0,1,1,0,0,1,0,0,0,0,0,0,0,0,0,0,0,0,178.0,4.79165688242006,2,0
Aakhree Raasta,7.1,1,1,0,1,0,0,0,0,0,0,0,0,0,0,0,0,0,0,0,164.0,3.935432340209623,2,1
Karma,7.2,1,0,0,1,0,0,0,0,0,0,0,0,0,1,0,0,0,0,0,193.0,4.4267185507337485,2,0
Naam,7.3,1,1,0,1,0,0,0,0,0,0,0,0,0,0,0,0,0,0,0,177.0,1.8427106352038813,2,0
Khudgarz,5.9,0,0,0,1,0,0,0,0,0,0,0,0,0,0,0,0,0,0,0,158.0,3.9626131594953966,0,1
Tezaab,6.9,1,1,0,1,0,0,0,0,0,0,0,0,0,0,0,0,0,0,0,173.0,4.3892019176076795,2,0
Ram Lakhan,6.7,1,0,0,1,0,1,0,0,0,0,0,0,0,0,0,0,0,0,0,174.0,4.506949652761804,1,1
Tridev,6.5,1,1,0,1,0,0,0,0,0,0,0,0,0,0,0,0,0,0,0,173.0,4.450439973184668,0,0
Maine Pyar Kiya,7.3,0,0,1,1,0,0,1,0,0,0,0,0,0,0,0,0,0,0,0,192.0,4.944834601093417,1,0
Agneepath,7.6,1,1,0,1,0,0,0,0,0,0,0,0,0,0,0,0,0,0,0,174.0,6.985066448749605,3,0
Dil,6.6,0,0,0,1,0,1,1,0,0,0,0,0,0,0,0,0,0,0,0,172.0,4.5523913082359595,2,0
Aaj Ka Arjun,4.6,1,1,0,1,0,0,0,0,0,0,0,0,0,0,0,0,0,0,0,164.0,4.2002241738955055,1,0
Sanam Bewafa,5.2,0,0,0,1,0,0,1,0,0,0,0,0,0,0,0,0,0,0,0,160.0,3.899665354015232,1,0
Hum,6.9,1,0,0,1,0,1,0,0,0,0,0,0,0,0,0,0,0,0,0,184.0,4.367397884246393,2,0
Saajan,7.2,0,0,1,1,0,0,1,0,0,0,0,0,0,0,0,0,0,0,0,193.0,4.444407657671432,3,0
Phool Aur Kaante,6.0,1,0,0,1,0,0,1,0,0,0,0,0,0,0,0,0,0,0,0,173.0,4.019928555598508,1,0
Sadak,6.4,1,0,0,1,0,0,0,0,0,0,0,0,1,0,0,0,0,0,0,134.0,3.9413809170539547,1,1
Tirangaa,6.8,1,0,0,1,0,0,0,0,0,0,0,0,1,0,0,0,0,0,0,168.0,3.8431374030754295,0,1
King Uncle,5.3,0,0,0,1,1,1,0,0,0,0,0,0,0,0,0,0,0,0,0,171.0,2.676377027135324,1,0
Aankhen,6.8,1,1,0,0,0,1,0,0,0,0,0,0,0,0,0,0,0,0,0,170.0,4.781412612173853,0,1
Anari,5.3,1,0,0,1,0,1,0,0,0,0,0,0,0,0,0,0,0,0,0,171.0,2.411373184359075,0,0
Khalnayak,7.1,1,1,0,0,0,0,0,0,0,0,0,0,0,1,0,0,0,0,0,190.0,4.449418564215496,2,0
Hum Hain Rahi Pyar Ke,7.3,0,0,0,1,0,1,1,0,0,0,0,0,0,0,0,0,0,0,0,163.0,3.5505040269767654,1,0
Baazigar,7.6,0,1,1,1,0,0,0,0,0,0,0,0,0,0,0,0,0,0,0,175.0,3.978519232391159,2,0
Tadipaar,4.9,1,0,0,1,0,0,0,0,0,0,0,0,0,0,0,0,0,0,0,134.0,2.807122968053793,1,0
Darr,7.6,1,0,0,1,0,0,0,0,0,0,0,0,1,0,0,0,0,0,0,178.0,4.299578097079307,3,1
Raja Babu,6.4,0,0,0,1,0,1,1,0,0,0,0,0,0,0,0,0,0,0,0,161.0,3.966996598239577,0,0
Kabhi Haan Kabhi Naa,7.6,0,0,1,1,0,1,0,0,0,0,0,0,0,0,0,0,0,0,0,158.0,3.234880399009916,1,0
Salaami,7.0,0,0,0,0,0,0,0,0,0,0,0,0,0,1,0,0,0,0,0,148.0,2.9237341544536646,0,0
Yeh Dillagi,5.9,0,0,1,1,0,1,0,0,0,0,0,0,0,0,0,0,0,0,0,155.0,3.610270354644485,3,0
Mohra,7.0,1,0,0,1,0,0,0,0,0,0,0,0,1,0,0,0,0,0,0,177.0,4.337775877946568,1,0
1942: A Love Story,7.2,1,0,0,1,0,0,0,0,0,0,0,1,0,0,0,0,0,0,0,157.0,3.8058563229807794,3,0
Krantiveer,7.4,1,1,0,1,0,0,0,0,0,0,0,0,0,0,0,0,0,0,0,147.0,4.091122739691451,0,0
Naaraaz,4.7,1,1,0,1,0,0,0,0,0,0,0,0,0,0,0,0,0,0,0,128.0,2.6756968046045144,1,0
Andaz Apna Apna,8.0,1,0,0,0,0,1,1,0,0,0,0,0,0,0,0,0,0,0,0,160.0,3.536149228308809,2,0
Karan Arjun,6.8,1,0,0,1,0,0,0,1,0,0,0,0,0,0,0,0,0,0,0,175.0,4.98040992939221,2,0
Naajayaz,5.6,1,0,0,1,0,0,0,0,0,0,0,0,0,0,0,0,0,0,0,157.0,3.547283962180586,1,0
Baazi,6.4,1,1,0,0,0,0,0,0,0,0,0,0,1,0,0,0,0,0,0,183.0,1.9043537114469473,1,0
Maidan-E-Jung,3.7,1,0,0,1,0,0,0,0,0,0,0,0,0,0,0,0,0,0,0,155.0,3.223568000001206,1,1
Sabse Bada Khiladi,5.9,1,1,0,0,0,0,0,0,0,0,0,0,1,0,0,0,0,0,0,162.0,4.002258946329087,1,0
Coolie No. 1,6.6,1,0,0,0,0,1,1,0,0,0,0,0,0,0,0,0,0,0,0,143.0,4.2874581391604645,1,0
Bandit Queen,7.5,0,1,0,1,0,0,0,0,0,0,1,0,0,0,0,0,0,0,0,119.0,4.401613988766008,0,0
Zamaana Deewana,4.7,1,0,0,1,0,1,0,0,0,0,0,0,0,0,0,0,0,0,0,162.0,3.321048219367717,1,0
Oh Darling Yeh Hai India,4.0,0,0,0,0,0,1,0,0,0,0,0,0,0,0,0,0,0,0,0,160.0,2.413483874085237,1,0
Veergati,5.8,1,0,0,1,0,0,0,0,0,0,0,0,0,0,0,0,0,0,0,166.0,3.385006382268541,1,0
Barsaat,5.6,1,0,0,0,0,0,1,0,0,0,0,0,0,0,0,0,0,0,0,166.0,1.9860333380761004,0,0
Dilwale Dulhania Le Jayenge,8.0,1,0,0,1,0,0,0,0,0,0,0,0,0,0,0,0,0,0,0,189.0,5.722506701581881,4,0
Ram Shastra,4.0,1,0,0,1,0,0,0,0,0,0,0,0,0,0,0,0,0,0,0,141.85579641847315,2.7886605732407883,1,0
Akele Hum Akele Tum,6.9,0,0,1,1,0,0,1,0,0,0,0,0,0,0,0,0,0,0,0,160.0,3.7234141841605517,2,0
Ram Jaane,5.4,1,1,0,1,0,0,0,0,0,0,0,0,0,0,0,0,0,0,0,122.0,3.916148908401969,1,0
Trimurti,4.8,1,0,0,1,0,0,0,0,0,0,0,0,0,0,0,0,0,0,0,187.0,3.9127281431769405,2,1
Himmat,4.5,1,0,0,1,0,1,0,0,0,0,0,0,0,0,0,0,0,0,0,138.0,3.257748362357623,0,0
English Babu Desi Mem,4.6,0,0,1,1,0,1,0,0,0,0,0,0,0,0,0,0,0,0,0,170.0,3.025228503360186,1,1
Saajan Chale Sasural,5.9,0,0,0,1,0,1,0,0,0,0,0,0,0,0,0,0,0,0,0,134.0,4.285715972259078,1,0
Jung,4.5,1,1,0,1,0,0,0,0,0,0,0,0,0,0,0,0,0,0,0,146.0,3.4739709788396906,2,0
Khiladiyon Ka Khiladi,6.0,1,1,0,1,0,0,0,0,0,0,0,0,0,0,0,0,0,0,0,162.0,4.325587331899967,1,0
Krishna,5.3,1,0,0,1,0,0,1,0,0,0,0,0,0,0,0,0,0,0,0,156.0,3.8685097155654455,0,0
Khamoshi the Musical,7.5,0,0,1,1,0,0,1,0,0,0,0,0,0,0,0,0,0,0,0,160.0,3.6048298212590444,4,0
Maachis,7.7,1,1,0,1,0,0,0,0,0,0,0,0,0,0,0,0,0,0,0,160.0,3.095682393260865,0,0
Rakshak,5.1,1,0,0,0,0,0,0,0,0,0,0,0,1,0,0,0,0,0,0,164.0,3.5645532365719563,0,0
Judaai,6.1,0,0,0,1,0,1,1,0,0,0,0,0,0,0,0,0,0,0,0,167.0,2.5548466155131946,2,0
Ziddi,5.9,1,0,0,1,0,0,0,0,0,0,0,0,0,0,0,0,0,0,0,170.0,4.480861943391075,0,0
Koyla,6.2,1,0,1,1,0,0,0,0,0,0,0,0,0,0,0,0,0,0,0,166.0,4.271740475718984,2,1
Virasat,7.4,1,0,1,1,0,0,0,0,0,0,0,0,0,0,0,0,0,0,0,165.0,4.002673365041463,1,0
Border,7.9,1,0,0,1,0,0,0,0,0,0,0,1,0,0,0,0,0,0,0,176.0,5.238277694399876,0,0
Yes Boss,6.7,0,0,1,1,0,1,0,0,0,0,0,0,0,0,0,0,0,0,0,163.0,4.003540244722806,1,0
Deewana Mastana,6.7,0,0,0,0,0,1,1,0,0,0,0,0,0,0,0,0,0,0,0,140.0,4.182380678794343,1,0
Dil To Pagal Hai,7.0,0,0,1,1,0,1,0,0,0,0,0,0,0,0,0,0,0,0,0,180.0,5.118162216263789,4,0
Bhai,5.3,1,0,0,1,0,0,0,0,0,0,0,0,0,0,0,0,0,0,0,147.0,3.7106637893757304,1,0
Ishq,6.8,1,0,0,1,0,1,0,0,0,0,0,0,0,0,0,0,0,0,0,161.0,4.782151797257936,2,0
Chachi 420,7.4,0,0,1,1,0,1,0,0,0,0,0,0,0,0,0,0,0,0,0,155.0,4.011308529760789,0,1
Duplicate,5.6,1,1,0,0,0,1,0,0,0,0,0,0,0,0,0,0,0,0,0,164.0,3.8307402904180456,1,0
Ghulam,7.2,1,1,0,1,0,0,0,0,0,0,0,0,0,0,0,0,0,0,0,162.0,4.098369964449815,2,0
Satya,8.3,1,1,0,1,0,0,0,0,0,0,0,0,0,0,0,0,0,0,0,170.0,4.168708875720797,0,0
Dulhe Raja,6.8,0,0,0,0,0,1,0,0,0,0,0,0,0,0,0,0,0,0,0,143.0,4.0524299350246435,1,0
Kareeb,6.5,0,0,0,1,0,0,1,0,0,0,0,0,0,0,0,0,0,0,0,145.0,3.441757100725189,0,0
Dil Se..,7.5,1,0,0,1,0,0,0,0,0,0,0,0,0,0,0,0,0,0,0,144.0,3.886853286308875,2,0
Bandhan,4.8,1,0,0,1,0,0,1,0,0,0,0,0,0,0,0,0,0,0,0,154.0,1.16849311629994,1,0
Kuch Kuch Hota Hai,7.5,1,0,0,1,0,0,0,0,0,0,0,0,1,0,0,0,0,0,0,185.0,5.3415435528730875,5,0
Mehndi,3.4,0,0,0,1,0,0,0,0,0,0,0,0,0,0,0,0,0,0,0,153.0,2.50659287153824,1,0
China Gate,6.6,1,0,0,1,0,0,0,0,0,0,0,0,0,1,0,0,0,0,0,175.0,4.054739313202122,0,0
Wajood,7.1,1,1,0,1,0,0,0,0,0,0,0,0,0,0,0,0,0,0,0,180.0,3.187824236049491,1,0
Zakhm,7.9,0,0,0,1,0,0,0,0,0,0,0,0,0,0,0,0,0,0,0,125.0,2.9812616324502987,1,1
Aa Ab Laut Chalen,5.4,0,0,1,1,0,0,1,0,0,0,0,0,0,0,0,0,0,0,0,177.0,3.78900370812515,1,1
Daag: The Fire,5.0,1,0,0,1,0,0,0,0,0,0,0,0,1,0,0,0,0,0,0,152.0,3.8264318591469544,1,1
Kachche Dhaage,6.0,1,0,0,1,0,0,0,0,0,0,0,0,1,0,0,0,0,0,0,144.0,1.5276990697610433,3,0
Lal Baadshah,3.3,1,1,0,1,0,0,0,0,0,0,0,0,0,0,0,0,0,0,0,180.0,3.360436572260471,2,0
Aarzoo,5.0,1,0,0,1,0,0,1,0,0,0,0,0,0,0,0,0,0,0,0,175.0,3.133713445905058,3,0
International Khiladi,4.8,1,1,0,1,0,0,0,0,0,0,0,0,0,0,0,0,0,0,0,175.0,3.578529424081136,1,1
Sooryavansham,6.4,1,0,0,1,0,0,0,0,0,0,0,0,0,0,0,0,0,0,0,168.0,3.301554978251839,1,0
Haseena Maan Jaayegi,6.3,1,0,0,0,0,1,1,0,0,0,0,0,0,0,0,0,0,0,0,147.0,4.092632867792666,1,0
Taal,6.6,0,0,1,1,0,0,1,0,0,0,0,0,0,0,0,0,0,0,0,179.0,4.446258592690269,2,0
Baadshah,6.9,1,1,0,0,0,1,0,0,0,0,0,0,0,0,0,0,0,0,0,175.0,4.082764379511046,1,0
Sangharsh,6.7,1,1,0,1,0,0,0,0,0,0,0,0,0,0,0,0,0,0,0,127.0,3.194990690143389,1,0
Hello Brother,4.7,1,0,0,0,0,1,0,1,0,0,0,0,0,0,0,0,0,0,0,139.0,3.7583845314837188,2,0
Dil Kya Kare,5.1,0,0,1,1,0,0,1,0,0,0,0,0,0,0,0,0,0,0,0,158.0,3.5861630324484204,2,0
Vaastav: The Reality,8.0,1,0,0,1,0,0,0,0,0,0,0,0,1,0,0,0,0,0,0,145.0,3.823865566107044,1,0
Shool,7.7,1,1,0,1,0,0,0,0,0,0,0,0,0,0,0,0,0,0,0,138.0,3.0312904330146924,0,0
Hum Saath-Saath Hain,6.3,0,0,1,1,0,0,0,0,0,0,0,0,0,0,0,0,0,0,0,177.0,5.0410683151998965,2,0
Khoobsurat,5.3,1,0,0,0,0,1,1,0,0,0,0,0,0,0,0,0,0,0,0,149.0,3.5428711288084322,1,0
Bulandi,5.2,1,0,0,1,0,0,0,0,0,0,0,0,0,0,0,0,0,0,0,175.0,2.873020010748429,1,1
Kaho Naa... Pyaar Hai,6.9,1,0,1,0,0,0,1,0,0,0,0,0,0,0,0,0,0,0,0,172.0,5.129695977998435,2,0
Dulhan Hum Le Jayenge,5.1,0,0,0,1,0,1,1,0,0,0,0,0,0,0,0,0,0,0,0,158.0,4.2836283690981825,1,0
Phir Bhi Dil Hai Hindustani,6.2,0,0,1,1,0,1,0,0,0,0,0,0,0,0,0,0,0,0,0,160.0,3.7323600874856044,1,0
Daku Ramkali,6.9,0,0,1,1,0,0,0,0,0,0,0,0,0,1,0,0,0,0,0,134.0,1.5592664319921605,0,0
Hera Pheri,8.2,1,1,0,0,0,1,0,0,0,0,0,0,0,0,0,0,0,0,0,156.0,3.8687970009649493,1,0
Hadh Kar Di Aapne,5.3,0,0,0,0,0,1,1,0,0,0,0,0,0,0,0,0,0,0,0,134.0,3.78195574639502,1,0
Chal Mere Bhai,4.7,0,0,0,0,0,1,1,0,0,0,0,0,0,0,0,0,0,0,0,136.0,3.810909646648683,2,0
Jung,4.3,1,1,0,1,0,0,0,0,0,0,0,0,0,0,0,0,0,0,0,147.0,3.172764173904268,1,0
Kya Kehna,5.8,0,0,0,1,0,0,1,0,0,0,0,0,0,0,0,0,0,0,0,155.0,3.8536314390047464,2,0
Josh,6.1,1,0,1,1,0,0,0,0,0,0,0,0,0,0,0,0,0,0,0,162.0,4.228786604414473,2,0
Bichhoo,5.0,1,1,0,1,0,0,0,0,0,0,0,0,0,0,0,0,0,0,0,160.0,3.7268973965999534,1,0
Hamara Dil Aapke Paas Hai,5.5,1,0,0,1,0,0,1,0,0,0,0,0,0,0,0,0,0,0,0,165.0,4.044845766203402,2,0
Fiza,6.0,0,1,0,1,0,0,1,0,0,0,0,0,0,0,0,0,0,0,0,170.0,4.036842322136518,1,0
Mohabbatein,7.0,1,0,0,1,0,0,0,0,0,0,0,0,1,0,0,0,0,0,0,216.0,5.074310359661779,5,0
Kurukshetra,6.2,1,1,0,1,0,0,0,0,0,0,0,0,0,0,0,0,0,0,0,129.0,3.7680347613885736,1,0
Zubeidaa,6.6,0,0,0,1,0,0,0,0,0,0,1,1,0,0,0,0,0,0,0,153.0,2.6192783070069483,0,0
Kasoor,6.1,0,0,0,1,0,0,0,0,1,0,0,0,1,0,0,0,0,0,0,151.0,3.016408889538078,0,0
Chori Chori Chupke Chupke,5.5,0,0,1,1,0,1,0,0,0,0,0,0,0,0,0,0,0,0,0,165.0,4.221022321214029,2,0
One 2 Ka 4,5.5,1,1,0,1,0,0,0,0,0,0,0,0,0,0,0,0,0,0,0,169.0,3.230070472779818,1,0
Ek Rishtaa: The Bond of Love,5.2,0,0,0,1,0,0,0,0,0,0,0,0,0,0,0,0,0,0,0,174.0,4.189937600937334,2,0
Mujhe Kucch Kehna Hai,4.7,0,0,0,1,0,0,1,0,0,0,0,0,0,0,0,0,0,0,0,135.0,4.161851326112967,1,0
Paagalpan,7.0,1,0,0,1,0,0,1,0,0,0,0,0,0,0,0,0,0,0,0,146.0,1.561622447915767,0,0
Lagaan: Once Upon a Time in India,8.1,1,0,0,1,0,0,0,0,0,0,0,0,1,0,0,0,0,0,0,224.0,4.839975780251286,1,0
Gadar: Ek Prem Katha,7.3,1,0,0,1,0,0,1,0,0,0,0,0,0,0,0,0,0,0,0,170.0,5.642396674105834,0,0
Yaadein...,4.2,0,0,1,1,0,0,1,0,0,0,0,0,0,0,0,0,0,0,0,171.0,3.999534715105957,2,0
Aks,5.8,1,1,0,0,0,0,0,0,0,0,0,0,0,0,1,0,0,0,0,184.0,3.409653040099827,1,0
Pyaar Ishq Aur Mohabbat,4.2,0,0,1,1,0,0,1,0,0,0,0,0,0,0,0,0,0,0,0,168.0,2.5757157513390645,0,0
Yeh Raaste Hain Pyaar Ke,4.0,1,0,0,1,0,0,1,0,0,0,0,0,0,0,0,0,0,0,0,149.0,3.380215557888507,3,0
Dil Chahta Hai,8.0,1,0,0,1,0,0,0,0,0,0,0,0,1,0,0,0,0,0,0,183.0,4.306898911982042,2,0
Lajja,6.6,1,1,0,1,0,0,0,0,0,0,0,0,0,0,0,0,0,0,0,202.0,4.078115258279531,2,0
Ajnabee,6.3,1,1,0,1,0,0,0,0,0,0,0,0,0,0,0,0,0,0,0,165.0,4.148084478238182,2,0
Chandni Bar,7.6,0,1,0,1,0,0,0,0,0,0,0,0,0,0,0,0,0,0,0,150.0,2.769865549736974,0,0
Rehnaa Hai Terre Dil Mein,7.5,0,0,1,1,0,1,0,0,0,0,0,0,0,0,0,0,0,0,0,160.0,3.053329929352403,2,1
Asoka,6.4,1,0,0,1,0,0,0,0,0,0,0,0,1,0,0,0,0,0,0,180.0,3.76583980149913,2,1
Deewaanapan,4.7,1,0,0,0,0,0,1,0,0,0,0,0,0,0,0,0,0,0,0,153.0,2.978072254327797,0,1
Kabhi Khushi Kabhie Gham...,7.4,1,0,0,1,0,0,0,0,0,0,0,0,1,0,0,0,0,0,0,210.0,5.32058421827672,5,1
Aamdani Atthanni Kharcha Rupaiya,4.9,0,0,0,1,1,1,0,0,0,0,0,0,0,0,0,0,0,0,0,150.0,3.1518758285662827,0,1
Style,6.7,0,0,1,0,0,1,0,0,1,0,0,0,0,0,0,0,0,0,0,157.0,3.0253240519838207,0,0
Maa Tujhhe Salaam,3.7,1,0,0,1,0,0,0,0,0,0,0,0,0,0,0,0,0,0,0,162.0,3.8649928432702794,0,1
Haan Maine Bhi Pyaar Kiya,3.6,0,0,1,1,0,0,1,0,0,0,0,0,0,0,0,0,0,0,0,174.0,3.47539530826283,1,1
Tumko Na Bhool Paayenge,5.6,1,1,0,0,0,1,0,0,0,0,0,0,0,0,0,0,0,0,0,160.0,3.635493454303686,1,1
Aankhen,7.4,0,1,0,1,0,0,0,0,0,0,0,0,1,0,0,0,0,0,0,165.0,4.131782138737283,2,0
Company,8.0,1,1,0,1,0,0,0,0,0,0,0,0,0,0,0,0,0,0,0,142.0,3.9017929831661315,2,0
Aap Mujhe Achche Lagne Lage,3.1,1,0,0,1,0,0,1,0,0,0,0,0,0,0,0,0,0,0,0,180.0,3.5445675270540336,1,0
Na Tum Jaano Na Hum,4.9,0,0,1,1,0,1,0,0,0,0,0,0,0,0,0,0,0,0,0,158.0,3.385768299066674,2,0
Hum Tumhare Hain Sanam,5.4,0,0,0,1,0,1,1,0,0,0,0,0,0,0,0,0,0,0,0,174.0,3.8795860960582313,3,0
Hum Kisi Se Kum Nahin,4.2,1,0,0,1,0,1,0,0,0,0,0,0,0,0,0,0,0,0,0,161.0,4.213878582811564,2,0
Mere Yaar Ki Shaadi Hai,5.5,0,0,0,1,0,1,1,0,0,0,0,0,0,0,0,0,0,0,0,158.0,3.409229216194612,0,0
The Legend of Bhagat Singh,8.1,0,0,0,1,0,0,0,0,0,0,1,1,0,0,0,0,0,0,0,155.0,3.300322497891462,1,0
Awara Paagal Deewana,6.3,1,1,0,0,0,1,0,0,0,0,0,0,0,0,0,0,0,0,0,158.0,4.046024761552343,1,0
Yeh Hai Jalwa,4.8,0,0,0,1,0,1,1,0,0,0,0,0,0,0,0,0,0,0,0,165.0,3.0081143499931264,1,0
Om Jai Jagadish,5.5,0,0,1,1,0,0,1,0,0,0,0,0,0,0,0,0,0,0,0,172.0,3.1178770049670863,1,0
Humraaz,6.4,0,0,0,0,0,0,1,0,0,0,0,0,1,0,0,0,0,0,0,173.0,4.080385760375976,0,0
Mujhse Dosti Karoge!,5.1,0,0,0,1,1,1,0,0,0,0,0,0,0,0,0,0,0,0,0,149.0,3.8374207319351887,3,0
Dil Hai Tumhaara,5.6,0,0,0,1,0,0,1,0,0,0,0,0,0,0,0,0,0,0,0,210.0,3.4490062520164595,0,0
Gunaah,3.5,1,1,0,1,0,0,0,0,0,0,0,0,0,0,0,0,0,0,0,135.0,2.817977571636228,0,1
Rishtey,4.9,1,0,0,1,0,0,1,0,0,0,0,0,0,0,0,0,0,0,0,164.0,3.092739027990385,1,1
Saathiya,6.8,0,0,0,1,1,0,1,0,0,0,0,0,0,0,0,0,0,0,0,138.0,3.998292616317286,2,1
Kaante,6.6,1,1,0,1,0,0,0,0,0,0,0,0,0,0,0,0,0,0,0,154.0,4.286373334468339,2,1
Tujhe Meri Kasam,6.2,0,0,0,0,0,0,1,0,0,0,0,0,0,0,0,0,0,0,0,155.0,3.4363071217163808,0,0
Talaash: The Hunt Begins...,4.3,1,1,0,1,0,0,0,0,0,0,0,0,0,0,0,0,0,0,0,153.0,3.313048953021368,2,0
Dil Ka Rishta,4.9,0,0,1,1,0,0,1,0,0,0,0,0,0,0,0,0,0,0,0,150.0,2.9766725303246973,1,0
Jism,5.3,0,0,0,1,0,0,1,0,0,0,0,0,1,0,0,0,0,0,0,136.0,3.3467994811707364,0,0
Kucch To Hai,4.3,0,0,0,0,0,0,1,0,1,0,0,0,0,0,1,0,0,0,0,143.0,3.171021726592193,0,1
Bhoot,6.4,0,0,0,0,0,0,0,0,1,0,0,0,1,0,1,0,0,0,0,113.0,3.907923445349839,1,0
Main Prem Ki Diwani Hoon,3.8,0,0,1,1,0,1,0,0,0,0,0,0,0,0,0,0,0,0,0,197.0,4.109921777016355,2,0
Hawa,3.3,0,0,0,1,0,0,0,0,0,0,0,0,1,0,1,0,0,0,0,129.0,2.614610579819575,0,0
Jaal: The Trap,4.4,1,1,0,1,0,0,0,0,0,0,0,0,0,0,0,0,0,0,0,142.0,3.215246431493474,0,0
Darna Mana Hai,6.3,0,0,0,0,0,0,0,0,0,0,0,0,0,0,1,0,0,0,0,121.0,2.909234689447739,1,0
Hungama,7.6,1,0,0,1,0,0,0,0,0,0,0,0,1,0,0,0,0,0,0,153.0,3.7719443753782405,0,0
Koi... Mil Gaya,7.1,1,0,0,1,0,0,0,1,0,0,0,0,0,0,0,0,0,0,0,171.0,5.074843723961169,2,0
Footpath,5.5,1,1,0,1,0,0,0,0,0,0,0,0,0,0,0,0,0,0,0,164.0,2.7063975022007956,0,0
Gangaajal,7.8,1,1,0,1,0,0,0,0,0,0,0,0,0,0,0,0,0,0,0,157.0,3.591588104255959,1,0
Zameen,5.4,1,0,0,0,0,0,0,0,0,0,0,0,1,1,0,0,0,0,0,154.0,3.638711270995167,2,0
Baghban,7.4,0,0,0,1,0,0,1,0,0,0,0,0,0,0,0,0,0,0,0,181.0,4.256171382442288,3,1
Sssshhh...,4.4,0,0,0,0,0,0,0,0,1,0,0,0,1,0,1,0,0,0,0,163.0,2.5845854617167876,0,1
Pinjar,7.9,0,0,0,1,0,0,0,0,0,0,0,0,0,0,0,0,0,0,0,188.0,2.529769411443796,0,1
Kal Ho Naa Ho,7.9,1,0,0,1,0,0,0,0,0,0,0,0,1,0,0,0,0,0,0,186.0,4.873807810764188,3,0
Paap,5.2,0,1,0,1,0,0,1,0,0,0,0,0,0,0,0,0,0,0,0,120.0,2.2427090984299873,0,1
Chameli,6.8,0,0,0,1,0,0,0,0,0,0,0,0,0,0,0,0,0,0,0,108.0,2.4326481719796043,1,0
Ek Hasina Thi,7.5,1,1,0,1,0,0,0,0,0,0,0,0,0,0,0,0,0,0,0,120.0,2.7765840561954156,1,0
Aetbaar,4.7,0,0,1,1,0,0,0,0,0,0,0,0,1,0,0,0,0,0,0,152.0,2.694484844278873,1,1
Khakee,7.4,1,1,0,1,0,0,0,0,0,0,0,0,0,0,0,0,0,0,0,174.0,4.439456331619621,3,1
Ab Tak Chhappan,7.8,0,1,0,1,0,0,0,0,0,0,0,0,0,0,0,0,0,0,0,129.0,3.3734893180749626,0,0
Murder,5.5,0,0,0,1,0,0,1,0,0,0,0,0,1,0,0,0,0,0,0,130.0,3.9066267422643186,0,0
Krishna Cottage,5.3,0,0,0,0,0,0,1,0,1,0,0,0,0,0,1,0,0,0,0,124.0,2.6357509509711106,0,0
Masti,6.2,0,1,0,0,0,1,0,0,1,0,0,0,0,0,0,0,0,0,0,166.0,4.202306215268578,1,1
Main Hoon Na,7.1,1,0,0,1,0,0,0,0,0,0,0,0,1,0,0,0,0,0,0,179.0,4.775128866237599,1,0
Yuva,7.3,1,0,0,1,0,0,0,0,0,0,0,0,1,0,0,0,0,0,0,161.0,3.855738866921699,1,0
Hum Tum,7.0,1,0,0,1,0,0,0,0,0,0,0,0,1,0,0,0,0,0,0,143.0,4.2662737984081565,3,0
Aan: Men at Work,5.8,1,1,0,1,0,0,0,0,0,0,0,0,0,0,0,0,0,0,0,149.0,3.437067642101231,1,0
Dev,6.7,0,0,0,1,0,0,0,0,0,0,0,0,0,0,0,0,0,0,0,172.0,3.1430321087376187,1,0
Girlfriend,3.3,0,0,0,1,0,0,1,0,0,0,0,0,1,0,0,0,0,0,0,126.0,2.6240494860669834,0,0
Lakshya,7.8,1,0,0,1,0,0,1,0,0,0,0,0,0,0,0,0,0,0,0,186.0,4.350136362787703,3,0
Julie,4.1,0,0,0,1,0,0,1,0,0,0,0,0,0,0,0,0,0,0,0,144.0,3.42657218358767,0,0
Mujhse Shaadi Karogi,6.7,0,0,0,0,0,1,1,0,0,0,0,0,0,0,0,0,0,0,0,163.0,4.559204302507899,3,0
Taarzan: The Wonder Car,4.8,1,0,0,1,0,0,0,0,0,0,0,0,0,1,0,0,0,0,0,163.0,2.696676377149419,1,0
Fida,5.5,1,1,0,1,0,0,0,0,0,0,0,0,0,0,0,0,0,0,0,122.0,3.4819822324364154,2,0
Dhoom,6.6,1,1,0,1,0,0,0,0,0,0,0,0,0,0,0,0,0,0,0,129.0,4.640454284830787,0,0
Rakht,3.8,0,0,0,0,0,0,0,0,1,0,0,0,1,0,1,0,0,0,0,162.0,2.9089016502334797,1,0
Tumsa Nahin Dekha,4.7,0,0,1,0,0,0,1,0,0,0,0,0,0,0,0,0,0,0,0,128.0,2.5067964992298126,0,0
Madhoshi,4.6,0,0,1,1,0,0,0,0,1,0,0,0,0,0,0,0,0,0,0,122.0,2.3948861136548585,0,0
Tauba Tauba,2.1,0,0,0,1,0,1,0,0,0,0,0,0,0,0,0,0,0,0,0,121.0,2.545731938396163,0,0
Veer-Zaara,7.8,1,0,0,1,0,0,0,0,0,0,0,0,1,0,0,0,0,0,0,192.0,4.9192590248457675,4,1
Aitraaz,6.6,0,0,0,1,0,0,1,0,0,0,0,0,1,0,0,0,0,0,0,160.0,3.9431621998511437,3,1
Hulchul,7.1,1,0,0,1,0,1,0,0,0,0,0,0,0,0,0,0,0,0,0,149.0,2.9789796465936966,1,0
Swades,8.2,1,0,0,1,0,0,0,0,0,0,0,0,0,0,0,0,0,0,0,210.0,3.9880844879396524,1,0
Raincoat,7.7,0,0,0,1,0,0,1,0,0,0,0,0,0,0,0,0,0,0,0,117.0,2.2242202821116486,2,1
Ab Tumhare Hawale Watan Saathiyo,4.5,1,0,0,1,0,0,0,0,0,1,0,0,0,0,0,0,0,0,0,193.0,3.651444179375887,2,1
Dil Maange More!!!,5.2,0,0,1,0,0,0,1,0,0,0,0,0,0,0,0,0,0,0,0,123.0,2.926452062721258,1,0
Vaada,6.0,0,1,0,1,0,0,0,0,1,0,0,0,0,0,0,0,0,0,0,122.0,2.8842314093011625,0,0
Insan,4.6,1,1,0,1,0,0,0,0,0,0,0,0,0,0,0,0,0,0,0,141.0,3.070028074548648,2,0
Shabd,5.1,0,0,0,1,0,0,0,0,0,0,0,0,1,0,0,0,0,0,0,140.0,2.8946476069641163,2,0
Black,8.1,0,0,0,1,0,0,0,0,0,0,0,0,0,0,0,0,0,0,0,122.0,4.295900638055869,3,0
Bewafaa,4.2,0,0,0,1,0,0,1,0,0,0,0,0,0,0,0,0,0,0,0,151.0,3.988607840610657,3,0
Zameer,3.6,0,0,0,1,0,0,1,0,0,0,0,0,0,0,0,0,0,0,0,137.0,1.4893376952511195,1,0
Zeher,5.6,0,1,0,1,0,0,0,0,1,0,0,0,0,0,0,0,0,0,0,132.0,3.174514168724189,0,1
Kaal,4.7,0,0,0,0,0,0,0,0,1,0,0,0,0,1,1,0,0,0,0,126.0,4.1042659707882905,1,0
Kyaa Kool Hai Hum,6.1,0,0,0,0,0,1,0,0,1,0,0,0,0,0,0,0,0,0,0,172.0,3.889591106287263,0,0
Bunty Aur Babli,6.2,0,0,0,1,0,1,1,0,0,0,0,0,0,0,0,0,0,0,0,170.0,4.737698276966335,3,0
Sarkar,7.6,0,1,0,1,0,0,0,0,0,0,0,0,0,0,0,0,0,0,0,124.0,4.363729338616663,1,0
Maine Pyaar Kyun Kiya,5.6,0,0,0,1,0,1,1,0,0,0,0,0,0,0,0,0,0,0,0,145.0,4.396954581737008,2,0
No Entry,6.6,0,0,1,1,0,1,0,0,0,0,0,0,0,0,0,0,0,0,0,158.0,4.946019427157815,2,0
Salaam Namaste,6.2,0,0,0,1,0,1,1,0,0,0,0,0,0,0,0,0,0,0,0,158.0,4.416372437335649,3,0
Hanuman,8.0,0,0,0,0,0,0,0,0,0,0,0,0,0,0,0,1,0,0,0,138.0,2.878982339458827,0,0
Garam Masala,6.8,0,0,0,0,0,1,1,0,0,0,0,0,0,0,0,0,0,0,0,146.0,4.516742027585886,1,1
Shaadi No. 1,3.6,0,0,0,0,0,1,0,0,0,0,0,0,0,0,0,0,0,0,0,129.0,3.6074345288957836,1,1
Kyon Ki...,5.5,0,0,0,1,0,0,1,0,0,0,0,0,0,0,0,0,0,0,0,160.0,3.7057398208349133,2,1
Deewane Huye Paagal,5.6,1,0,0,1,0,1,0,0,0,0,0,0,0,0,0,0,0,0,0,158.0,3.878676288407026,2,0
Apaharan,7.4,1,1,0,1,0,0,0,0,0,0,0,0,0,0,0,0,0,0,0,173.0,3.9098189578296516,1,0
Neal 'n' Nikki,3.2,0,0,1,0,0,1,1,0,0,0,0,0,0,0,0,0,0,0,0,122.0,2.9916784388601836,0,0
Bluffmaster,6.6,0,1,0,1,0,1,0,0,0,0,0,0,0,0,0,0,0,0,0,137.0,4.061639853047629,1,0
Vaah! Life Ho Toh Aisi!,4.8,0,0,0,1,1,1,0,0,0,0,0,0,0,0,0,0,0,0,0,153.0,2.9565888623168908,2,1
Zinda,4.9,1,0,0,1,0,0,0,0,1,0,0,0,0,0,0,0,0,0,0,116.0,3.490154712522415,1,1
Iqbal,8.1,0,0,0,1,0,0,0,0,0,0,0,0,0,0,0,0,1,0,0,132.0,2.570029383705716,0,0
Rang De Basanti,8.1,1,0,0,1,0,0,0,0,0,0,0,0,1,0,0,0,0,0,0,167.0,5.1175505697451875,1,1
Fight Club: Members Only,3.6,1,1,0,1,0,0,0,0,0,0,0,0,0,0,0,0,0,0,0,140.0,2.8975826264802946,0,0
Malamaal Weekly,7.0,0,0,0,1,0,1,1,0,0,0,0,0,0,0,0,0,0,0,0,137.0,4.443322603899789,0,0
Darna Zaroori Hai,5.5,0,0,0,0,0,0,0,0,0,0,0,0,0,0,1,0,0,0,0,108.0,3.0492696003087087,1,0
36 China Town,5.8,0,0,0,0,0,1,0,0,1,0,0,0,1,0,0,0,0,0,0,140.0,4.291190605763013,2,0
Fanaa,7.1,1,0,0,1,0,0,1,0,0,0,0,0,0,0,0,0,0,0,0,168.0,5.0946306867351625,2,0
Chup Chup Ke,7.0,0,0,0,1,0,1,1,0,0,0,0,0,0,0,0,0,0,0,0,164.0,3.7837795467386575,2,0
Phir Hera Pheri,7.3,0,1,0,0,0,1,0,0,0,0,0,0,0,0,0,0,0,0,0,153.0,4.856233894920473,1,0
Krrish,6.5,1,0,0,1,0,0,0,0,0,0,0,0,0,0,0,0,0,0,0,185.0,5.423050970335086,3,0
Corporate,6.6,0,0,0,1,0,0,0,0,0,0,0,0,0,0,0,0,0,0,0,142.0,3.504352906199955,0,0
The Killer,4.8,1,1,0,1,0,0,0,0,0,0,0,0,0,0,0,0,0,0,0,117.0,2.7431417172286254,0,0
Omkara,8.0,1,1,0,1,0,0,0,0,0,0,0,0,0,0,0,0,0,0,0,155.0,4.298438589435564,3,0
Kabhi Alvida Naa Kehna,6.1,0,0,0,1,0,0,1,0,0,0,0,0,0,0,0,0,0,0,0,193.0,4.940383884245419,4,0
Naksha,3.6,1,0,0,0,0,0,0,1,0,0,0,0,0,1,0,0,0,0,0,128.0,3.075587287072007,0,0
Dor,7.9,0,0,0,1,0,0,0,0,0,0,0,0,0,0,0,0,0,0,0,147.0,2.244965931040754,0,0
Khosla Ka Ghosla!,8.2,0,1,0,1,0,1,0,0,0,0,0,0,0,0,0,0,0,0,0,135.0,2.7309955771110332,0,0
Woh Lamhe ...,6.5,0,0,0,1,0,0,1,0,0,0,1,0,0,0,0,0,0,0,0,156.0,3.102635578005623,0,1
Don,7.2,1,0,0,1,0,0,0,0,0,0,0,0,1,0,0,0,0,0,0,178.0,2.479966342430412,4,1
Apna Sapna Money Money,5.4,0,0,1,0,0,1,1,0,0,0,0,0,0,0,0,0,0,0,0,134.0,3.828942097570358,0,0
Dhoom 2,6.6,1,0,0,1,0,0,0,0,0,0,0,0,1,0,0,0,0,0,0,152.0,5.5382554084302384,3,0
Baabul,5.4,0,0,0,1,1,0,1,0,0,0,0,0,0,0,0,0,0,0,0,169.0,4.009905140812836,3,0
Kabul Express,6.8,0,0,0,1,0,1,0,0,0,0,0,0,0,1,0,0,0,0,0,105.0,3.6263054125974836,2,0
Bhagam Bhag,6.7,0,0,0,1,0,1,0,0,1,0,0,0,0,0,0,0,0,0,0,157.0,4.84596734154099,1,1
Risk,6.6,1,1,0,1,0,0,0,0,0,0,0,0,0,0,0,0,0,0,0,155.0,2.227942082572079,0,0
Salaam-E-Ishq,5.2,0,0,1,1,0,1,0,0,0,0,0,0,0,0,0,0,0,0,0,216.0,4.210096226153874,3,1
Black Friday,8.4,1,0,0,1,0,0,0,0,0,0,0,0,1,0,0,0,0,0,0,143.0,2.703241428583065,0,0
Eklavya: The Royal Guard,6.0,1,0,0,1,0,0,0,0,1,0,0,0,0,0,0,0,0,0,0,105.0,4.02969931187909,3,0
Honeymoon Travels Pvt. Ltd.,6.1,0,0,0,1,0,1,1,0,0,0,0,0,0,0,0,0,0,0,0,118.0,3.555371128483846,0,0
Nishabd,5.4,0,0,0,1,0,0,0,0,0,0,0,0,0,0,0,0,0,0,0,110.0,3.1369377569858967,1,0
Namastey London,7.1,0,0,0,1,0,1,1,0,0,0,0,0,0,0,0,0,0,0,0,128.0,4.7015048027263715,2,0
Big Brother,4.1,1,1,0,1,0,0,0,0,0,0,0,0,0,0,0,0,0,0,0,128.0,2.737915248628962,1,0
Bheja Fry,7.6,0,0,0,1,0,1,0,0,0,0,0,0,0,0,0,0,0,0,0,95.0,3.306007604947484,0,0
Ta Ra Rum Pum,5.7,0,0,0,1,1,1,0,0,0,0,0,0,0,0,0,0,0,0,0,153.0,4.731864283672013,4,0
Life in a Metro,7.4,0,0,1,1,0,1,0,0,0,0,0,0,0,0,0,0,0,0,0,132.0,3.8569228190007014,0,0
"Good Boy, Bad Boy",3.9,0,0,1,0,0,1,0,0,0,0,0,0,0,0,0,0,0,0,0,115.0,3.10071951811598,0,0
Cheeni Kum,6.8,0,0,0,1,0,1,1,0,0,0,0,0,0,0,0,0,0,0,0,140.0,3.9439251442083454,1,0
Shootout at Lokhandwala,7.1,1,1,0,1,0,0,0,0,0,0,0,0,0,0,0,0,0,0,0,122.0,4.477242930629355,2,0
Fool N Final,3.6,1,1,0,0,0,1,0,0,0,0,0,0,0,0,0,0,0,0,0,144.0,3.972974615673932,1,0
Apne,6.1,1,0,0,1,0,0,0,0,0,0,0,0,0,0,0,0,1,0,0,173.0,4.183242187592318,0,0
Awarapan,7.4,1,0,0,1,0,0,0,0,0,0,0,0,1,0,0,0,0,0,0,126.0,3.165737419827492,0,0
Naqaab,5.4,0,1,0,1,0,0,1,0,0,0,0,0,0,0,0,0,0,0,0,115.0,3.641045711923558,0,0
Cash,3.4,1,1,0,0,0,0,0,0,0,0,0,0,1,0,0,0,0,0,0,137.0,4.013440289129814,1,0
Chak De! India,8.1,0,0,0,1,1,0,0,0,0,0,0,0,0,0,0,0,1,0,0,153.0,5.276582751863366,1,0
Heyy Babyy,6.1,0,0,0,1,0,1,0,0,0,0,0,0,0,0,0,0,0,0,0,144.0,4.285377069084115,1,0
Ram Gopal Varma Ki Aag,1.4,1,0,0,0,0,1,0,0,0,0,0,0,0,1,0,0,0,0,0,171.0,3.118992598693012,2,0
Dhamaal,7.5,1,0,0,0,0,1,0,0,0,0,0,0,0,1,0,0,0,0,0,136.0,4.565661735199301,1,0
Dhol,6.6,0,1,0,0,0,1,0,0,1,0,0,0,0,0,0,0,0,0,0,145.0,3.8710449568988974,0,0
Johnny Gaddaar,7.8,0,1,0,1,0,0,0,0,0,0,0,0,1,0,0,0,0,0,0,135.0,2.553385800214184,0,0
Bhool Bhulaiyaa,7.5,1,0,0,1,0,0,0,0,0,0,0,0,1,0,0,0,0,0,0,159.0,4.974451860883802,2,1
Jab We Met,7.9,1,0,0,1,0,0,0,0,0,0,0,0,1,0,0,0,0,0,0,138.0,4.520520352346019,2,0
Om Shanti Om,6.8,1,0,0,1,0,0,0,0,0,0,0,0,1,0,0,0,0,0,0,162.0,5.436904897680147,2,1
Saawariya,5.2,0,0,1,1,0,0,1,0,0,0,0,0,0,0,0,0,0,0,0,142.0,4.130566512326873,3,1
Dhan Dhana Dhan Goal,5.1,0,0,0,1,0,0,0,0,0,0,0,0,1,0,0,0,1,0,0,167.0,3.7277260696004944,0,0
Aaja Nachle,6.2,0,0,1,1,1,0,0,0,0,0,0,0,0,0,0,0,0,0,0,137.0,3.7417008220089745,2,0
Welcome,7.1,0,1,0,1,0,1,0,0,0,0,0,0,0,0,0,0,0,0,0,150.0,5.329152293808936,2,1
Sunday,5.5,1,0,0,0,0,1,0,0,1,0,0,0,0,0,0,0,0,0,0,135.0,4.039674490326316,2,1
Mithya,7.0,0,1,0,0,0,1,0,0,0,0,0,0,1,0,0,0,0,0,0,110.0,2.7257666609221567,0,0
Jodhaa Akbar,7.5,1,0,0,1,0,0,0,0,0,0,0,1,0,0,0,0,0,0,0,213.0,5.043829236189633,2,1
Race,6.7,1,1,0,1,0,0,0,0,0,0,0,0,0,0,0,0,0,0,0,149.0,5.125338653260952,2,1
One Two Three,5.5,0,1,0,0,0,1,0,0,0,0,0,0,0,0,0,0,0,0,0,135.0,3.8725653945209757,0,0
Krazzy 4,4.2,0,1,0,1,0,1,0,0,0,0,0,0,0,0,0,0,0,0,0,110.0,4.004710625303656,0,0
Tashan,3.8,1,0,0,1,0,1,0,0,0,0,0,0,0,0,0,0,0,0,0,120.0,4.402903462261634,3,0
Bhoothnath,6.4,0,0,0,1,1,1,0,0,0,0,0,0,0,0,0,0,0,0,0,150.0,4.199864790998183,1,0
Sarkar Raj,6.7,0,1,0,1,0,0,0,0,0,0,0,0,0,0,0,0,0,0,0,125.0,4.557276486190559,2,0
Mere Baap Pehle Aap,5.5,0,0,0,1,0,1,1,0,0,0,0,0,0,0,0,0,0,0,0,163.0,4.14998915017531,0,0
Thoda Pyaar Thoda Magic,5.0,0,0,0,1,1,1,0,0,0,0,0,0,0,0,0,0,0,0,0,145.0,4.103868907344648,2,0
Love Story 2050,2.6,1,0,0,1,0,0,0,0,0,0,0,0,0,1,0,0,0,0,0,180.0,3.4426015273904595,1,0
Jaane Tu... Ya Jaane Na,7.4,0,0,0,1,0,1,1,0,0,0,0,0,0,0,0,0,0,0,0,155.0,5.036355060338199,0,0
Kismat Konnection,5.3,0,0,0,1,0,1,1,0,0,0,0,0,0,0,0,0,0,0,0,153.0,4.152586132855573,2,0
Bachna Ae Haseeno,6.2,0,0,0,1,0,1,1,0,0,0,0,0,0,0,0,0,0,0,0,152.0,4.610077352564027,4,0
God Tussi Great Ho,3.7,0,0,0,0,0,1,0,1,0,0,0,0,0,0,0,0,0,0,0,152.0,3.5664838324000043,3,0
Mumbai Meri Jaan,7.7,0,0,0,1,0,0,0,0,0,0,0,0,0,0,0,0,0,0,0,134.0,2.373230772331199,0,0
Rock On!!,7.7,0,0,1,1,0,0,0,0,0,0,0,0,0,0,0,0,0,0,0,145.0,4.256373041014213,0,0
A Wednesday,8.1,1,0,0,1,0,0,0,0,0,0,0,0,1,0,0,0,0,0,0,104.0,3.5039822587628078,0,0
1920,6.4,0,0,0,0,0,0,0,0,1,0,0,0,1,0,1,0,0,0,0,143.0,3.394882327777871,0,0
Hello,3.3,0,0,0,1,0,0,1,0,0,0,0,0,0,0,0,0,0,0,0,129.0,3.534919909480192,0,1
Roadside Romeo,4.9,0,0,0,0,0,1,0,0,0,0,0,0,0,1,0,1,0,0,0,93.0,2.6012934593696797,2,1
Heroes,5.7,1,0,0,0,0,1,0,0,0,0,0,0,0,1,0,0,0,0,0,139.0,3.5757619519136465,0,1
Fashion,6.9,0,0,0,1,0,0,1,0,0,0,0,0,0,0,0,0,0,0,0,167.0,4.3005812429227745,1,1
Golmaal Returns,5.3,0,1,0,0,0,1,0,0,1,0,0,0,0,0,0,0,0,0,0,135.0,4.952559811249885,3,1
Dostana,6.4,1,0,0,1,0,0,0,0,0,0,0,0,1,0,0,0,0,0,0,145.0,2.593102982994809,1,0
Yuvvraaj,4.1,0,0,1,1,0,1,0,0,0,0,0,0,0,0,0,0,0,0,0,151.0,3.859323026133253,2,0
Oye Lucky! Lucky Oye!,7.7,0,1,0,1,0,1,0,0,0,0,0,0,0,0,0,0,0,0,0,125.0,2.9690967871981444,0,0
Rab Ne Bana Di Jodi,7.2,1,0,0,1,0,0,0,0,0,0,0,0,1,0,0,0,0,0,0,167.0,5.454459431705124,4,0
Ghajini,7.4,1,0,0,1,0,0,0,0,0,0,0,0,1,0,0,0,0,0,0,186.0,5.750677765512256,1,1
Raaz: The Mystery Continues,5.7,0,0,0,0,0,0,0,0,1,0,0,0,1,0,1,0,0,0,0,151.0,4.179111248930461,0,1
Luck by Chance,7.1,0,0,0,1,0,0,0,0,0,0,0,0,0,0,0,0,0,0,0,156.0,3.462385156665059,0,0
Dev.D,7.9,1,0,0,1,0,0,0,0,0,0,0,0,1,0,0,0,0,0,0,144.0,3.678441948116944,0,0
Billu,6.4,0,0,0,1,0,1,0,0,0,0,0,0,0,0,0,0,0,0,0,137.0,4.074164819390005,0,1
Delhi-6,6.2,0,0,0,1,0,0,0,0,0,0,0,0,0,0,0,0,0,0,0,141.0,4.362098500018689,0,0
13B: Fear Has a New Address,7.4,0,0,0,0,0,0,0,0,1,0,0,0,1,0,1,0,0,0,0,138.0,2.974825788867594,1,0
Dhoondte Reh Jaoge,5.6,0,0,0,1,0,1,0,0,0,0,0,0,0,0,0,0,0,0,0,131.0,2.8265918063480684,0,0
Gulaal,8.0,0,1,0,1,0,0,0,0,0,0,0,0,1,0,0,0,0,0,0,140.0,2.4739532640857287,0,0
8 x 10 Tasveer,5.5,1,1,0,1,0,0,0,0,0,0,0,0,0,0,0,0,0,0,0,122.0,3.685425424855822,1,0
99,7.3,0,1,0,1,0,1,0,0,0,0,0,0,0,0,0,0,0,0,0,135.0,3.338818336798624,0,0
New York,6.8,0,1,0,1,0,0,0,0,0,0,0,0,1,0,0,0,0,0,0,153.0,4.748992200226596,3,0
Kambakkht Ishq,3.8,1,0,0,0,0,1,1,0,0,0,0,0,0,0,0,0,0,0,0,142.0,4.785448348631048,2,0
Luck,4.9,1,0,0,1,0,0,0,0,0,0,0,0,0,1,0,0,0,0,0,141.0,3.9896321441292426,2,0
Love Aaj Kal,6.8,0,0,0,1,0,1,1,0,0,0,0,0,0,0,0,0,0,0,0,128.0,5.1290458563720716,2,0
Kaminey,7.4,1,0,0,1,0,0,0,0,0,0,0,0,1,0,0,0,0,0,0,130.0,4.6606825181022264,2,0
Dil Bole Hadippa,4.7,0,0,0,1,0,1,1,0,0,0,0,0,0,0,0,0,0,0,0,148.0,4.092438682425873,2,1
Wake Up Sid,7.6,1,0,0,1,0,0,0,0,0,0,0,0,1,0,0,0,0,0,0,138.0,4.26950688836375,1,0
Blue,3.8,1,0,0,0,0,0,0,0,1,0,0,0,0,1,0,0,0,0,0,119.0,4.587191938967924,2,1
Aladin,4.7,1,0,0,0,0,0,0,1,0,0,0,0,0,1,0,0,0,0,0,132.0,2.7522142039218487,2,0
London Dreams,5.4,0,1,1,1,0,0,0,0,0,0,0,0,0,0,0,0,0,0,0,146.0,4.304517272379446,2,0
Ajab Prem Ki Ghazab Kahani,6.4,1,0,1,0,0,1,0,0,0,0,0,0,0,0,0,0,0,0,0,150.0,5.099336137610249,2,0
De Dana Dan,5.9,1,0,0,1,0,0,0,0,0,0,0,0,0,0,0,0,0,0,0,162.0,4.8046369785197935,2,1
Rocket Singh: Salesman of the Year,7.5,0,0,0,1,0,1,0,0,0,0,0,0,0,0,0,0,0,0,0,150.0,3.7550653699196976,1,0
3 Idiots,8.4,1,0,0,1,0,0,0,0,0,0,0,0,0,0,0,0,0,0,0,170.0,6.239913816254168,4,1
Accident on Hill Road,4.1,0,1,0,1,0,0,0,0,0,0,0,0,1,0,0,0,0,0,0,105.0,1.0352283806867186,0,0
Ishqiya,7.3,0,0,0,1,0,1,1,0,0,0,0,0,0,0,0,0,0,0,0,118.0,4.175247598921441,1,0
My Name Is Khan,7.9,1,0,0,1,0,0,0,0,0,0,0,0,0,0,0,0,0,0,0,165.0,5.226527232310733,3,1
Karthik Calling Karthik,7.1,0,0,0,1,0,0,1,0,1,0,0,0,0,0,0,0,0,0,0,135.0,4.1173904686822675,1,0
Teen Patti,4.2,0,1,0,1,0,0,0,0,0,0,0,0,1,0,0,0,0,0,0,142.0,2.7843596942495408,3,0
Right Yaaa Wrong,6.6,1,1,0,1,0,0,0,0,0,0,0,0,0,0,0,0,0,0,0,135.0,2.324480017719031,0,0
Prince,4.5,1,0,0,0,0,0,0,0,0,0,0,0,1,0,0,0,0,1,0,138.0,1.7024329858392124,0,0
Jaane Kahan Se Aayi Hai,4.4,0,0,0,1,0,1,0,1,0,0,0,0,0,0,0,0,0,0,0,94.0,2.4206737311473088,0,0
Paathshaala,5.0,0,0,0,1,1,0,0,0,0,0,0,0,0,0,0,0,0,0,0,122.0,3.9021244672882633,1,0
Housefull,5.6,0,0,0,1,0,1,0,0,0,0,0,0,0,0,0,0,0,0,0,144.0,5.139697407992272,2,0
"Road, Movie",6.7,0,1,0,0,0,1,0,0,0,0,0,0,0,1,0,0,0,0,0,95.0,1.792312488212538,0,0
Badmaash Company,6.1,0,1,0,1,0,1,0,0,0,0,0,0,0,0,0,0,0,0,0,142.0,4.387602578705105,2,0
Bumm Bumm Bole,6.3,0,0,0,1,1,0,0,0,0,0,0,0,1,0,0,0,0,0,0,124.0,1.2370889112430603,0,0
Raajneeti,7.1,0,0,0,1,0,0,0,0,0,0,0,0,1,0,0,0,0,0,0,163.0,5.3525185756478395,2,0
Raavan,5.4,1,0,0,1,0,0,0,0,0,0,0,0,0,1,0,0,0,0,0,130.0,4.196404678922991,1,0
I Hate Luv Storys,5.7,0,0,0,1,0,1,1,0,0,0,0,0,0,0,0,0,0,0,0,129.0,4.5835171852259045,0,0
Milenge Milenge,4.0,0,0,0,1,0,0,1,0,0,0,0,0,0,0,0,0,0,0,0,109.0,3.2457143882681736,2,0
Udaan,8.1,1,0,0,0,0,0,0,0,0,0,0,0,0,0,0,0,0,0,0,134.0,2.1419698505050357,0,0
Tere Bin Laden,7.2,0,0,0,1,0,1,0,0,0,0,0,0,0,0,0,0,0,0,0,95.0,2.934628280804956,0,0
Khatta Meetha,6.1,0,1,0,1,0,1,0,0,0,0,0,0,0,0,0,0,0,0,0,157.0,4.474368255306601,1,0
Once Upon a Time in Mumbaai,7.4,1,1,0,1,0,0,0,0,0,0,0,0,0,0,0,0,0,0,0,134.0,4.831945186475354,1,0
Aisha,5.1,0,0,0,1,0,1,1,0,0,0,0,0,0,0,0,0,0,0,0,126.0,3.698232983509176,0,0
Dabangg,6.3,1,1,0,0,0,1,0,0,0,0,0,0,0,0,0,0,0,0,0,126.0,5.744914300426019,2,1
We Are Family,5.7,0,0,0,1,1,1,0,0,0,0,0,0,0,0,0,0,0,0,0,115.0,3.903030440716891,2,1
Khichdi: The Movie,7.3,0,0,0,0,1,1,0,0,0,0,0,0,0,0,0,0,0,0,0,120.0,2.5211235120476574,0,0
Anjaana Anjaani,5.7,0,0,1,1,0,1,0,0,0,0,0,0,0,0,0,0,0,0,0,151.0,4.515204872508651,3,0
Ramayana: The Epic,6.0,1,0,0,0,0,0,0,0,0,0,0,0,0,1,0,1,0,0,0,98.0,0.5920612357144881,0,1
Aakrosh,7.0,1,1,0,1,0,0,0,0,0,0,0,0,0,0,0,0,0,0,0,146.0,3.45326030523567,1,1
Golmaal 3,5.7,1,0,0,1,0,1,0,0,0,0,0,0,0,0,0,0,0,0,0,155.0,5.4789239742413764,4,1
Action Replayy,4.3,0,0,0,0,0,1,1,0,0,0,0,0,0,0,0,0,0,1,0,129.0,4.192683518343909,2,1
Guzaarish,7.4,0,0,0,1,0,0,1,0,0,0,0,0,0,0,0,0,0,0,0,126.0,4.201456775981545,3,0
Break Ke Baad,5.2,0,0,0,1,0,1,1,0,0,0,0,0,0,0,0,0,0,0,0,145.0,3.7032217126609446,1,0
Phas Gaye Re Obama,7.5,0,1,0,1,0,1,0,0,0,0,0,0,0,0,0,0,0,0,0,108.0,1.8713282203340211,0,0
No Problem,4.6,1,1,0,0,0,1,0,0,0,0,0,0,0,0,0,0,0,0,0,139.0,4.156097065345008,2,0
Band Baaja Baaraat,7.2,0,0,0,1,0,1,1,0,0,0,0,0,0,0,0,0,0,0,0,139.0,3.6717685242697478,2,0
Kaalo,4.1,1,0,0,1,0,0,0,0,0,0,0,0,0,0,1,0,0,0,0,79.0,0.8527903885705975,0,0
Tees Maar Khan,2.8,0,1,0,0,0,1,0,0,0,0,0,0,0,0,0,0,0,0,0,135.0,4.92478805688536,2,1
No One Killed Jessica,7.2,0,1,0,1,0,0,0,0,0,0,1,0,0,0,0,0,0,0,0,136.0,3.936033866499521,2,0
Yamla Pagla Deewana,5.8,1,0,0,1,0,1,0,0,0,0,0,0,0,0,0,0,0,0,0,163.0,4.729979607057119,0,0
Dil Toh Baccha Hai Ji,5.9,0,0,0,1,0,1,1,0,0,0,0,0,0,0,0,0,0,0,0,143.0,4.089774897456114,1,0
Yeh Saali Zindagi,7.4,0,1,0,1,0,0,0,0,0,0,0,0,1,0,0,0,0,0,0,130.0,3.2417867152414437,0,0
Patiala House,5.6,0,0,0,1,0,0,0,0,0,0,0,0,0,0,0,0,1,0,0,140.0,4.1635128530243675,1,1
7 Khoon Maaf,6.3,0,0,0,1,0,1,0,0,1,0,0,0,0,0,0,0,0,0,0,137.0,3.6091502204709833,1,0
Tanu Weds Manu,6.8,0,0,0,1,0,1,1,0,0,0,0,0,0,0,0,0,0,0,0,119.0,4.328561025160086,1,0
Thank You,4.8,0,0,0,0,0,1,0,0,0,0,0,0,0,0,0,0,0,0,0,125.0,4.560174474424215,1,0
Zokkomon,4.1,1,0,0,0,0,0,0,0,0,0,0,0,0,1,0,0,0,0,0,109.0,0.8060855982685151,1,1
Dum Maaro Dum,6.2,1,1,0,1,0,0,0,0,0,0,0,0,0,0,0,0,0,0,0,128.0,4.181671102577439,1,1
Shor in the City,7.2,0,1,0,1,0,0,0,0,0,0,0,0,0,0,0,0,0,0,0,112.0,2.202119471346696,0,0
Haunted - 3D,6.3,0,0,0,0,0,0,0,0,0,0,0,0,1,0,1,0,0,0,0,143.0,3.968807974284142,0,0
Ragini MMS,5.1,0,0,0,1,0,0,0,0,1,0,0,0,0,0,1,0,0,0,0,93.0,3.0468751196103305,0,0
Shagird,7.0,1,1,0,1,0,0,0,0,0,0,0,0,0,0,0,0,0,0,0,143.0,1.6496010440028765,0,0
404: Error Not Found,7.3,0,0,0,1,0,0,0,0,1,0,0,0,1,0,0,0,0,0,0,121.0,1.1022857035917006,0,0
Pyaar Ka Punchnama,7.6,0,0,0,1,0,1,1,0,0,0,0,0,0,0,0,0,0,0,0,149.0,2.9591816883276527,0,0
Ready,4.9,1,0,0,0,0,1,1,0,0,0,0,0,0,0,0,0,0,0,0,145.0,5.498460783986126,1,0
Double Dhamaal,4.0,0,1,0,1,0,1,0,0,0,0,0,0,0,0,0,0,0,0,0,138.0,4.501317596840365,1,0
Murder 2,6.3,1,1,0,1,0,0,0,0,0,0,0,0,0,0,0,0,0,0,0,127.0,4.588042938932634,0,0
Zindagi Na Milegi Dobara,8.2,1,0,0,1,0,0,0,0,0,0,0,0,1,0,0,0,0,0,0,155.0,5.216946398983116,1,0
Singham,6.8,1,1,0,1,0,0,0,0,0,0,0,0,0,0,0,0,0,0,0,143.0,5.321764380877301,2,0
I Am Kalam,7.9,0,0,0,1,0,1,0,0,0,0,0,0,0,0,0,0,0,0,0,88.0,0.8845721072185604,0,0
Not a Love Story,5.2,0,1,0,1,0,0,0,0,0,0,0,0,1,0,0,0,0,0,0,100.0,2.235254961584777,0,0
Bodyguard,4.8,1,0,0,1,0,0,1,0,0,0,0,0,0,0,0,0,0,0,0,130.0,5.715010418189376,2,1
That Girl in Yellow Boots,6.6,0,1,0,1,0,0,0,0,1,0,0,0,0,0,0,0,0,0,0,103.0,1.6765539219782595,0,0
Mere Brother Ki Dulhan,5.9,0,0,0,1,1,1,0,0,0,0,0,0,0,0,0,0,0,0,0,139.0,4.78949376071354,1,0
Saheb Biwi Aur Gangster,7.1,1,1,0,1,0,0,0,0,0,0,0,0,0,0,0,0,0,0,0,118.0,3.0967570995720957,0,0
Mausam,4.8,0,0,0,1,0,0,1,0,0,1,0,0,0,0,0,0,0,0,0,161.0,4.117943618054381,1,0
Rascals,3.0,1,1,0,0,0,1,0,0,0,0,0,0,0,0,0,0,0,0,0,128.0,4.208002688263095,2,1
Ra.One,4.9,1,0,0,1,0,0,0,0,0,0,0,0,1,0,0,0,0,0,0,156.0,5.451739729052349,2,1
Rockstar,7.8,1,0,0,1,0,0,0,0,0,0,0,0,1,0,0,0,0,0,0,159.0,4.843745659637585,1,0
Desi Boyz,5.7,1,0,0,1,0,0,0,0,0,0,0,0,1,0,0,0,0,0,0,122.0,4.4673945049832415,2,0
The Dirty Picture,6.6,0,0,0,1,0,1,0,0,0,0,1,0,0,0,0,0,0,0,0,144.0,5.096863900872236,1,0
Ladies vs. Ricky Bahl,6.0,0,1,0,1,0,1,0,0,0,0,0,0,0,0,0,0,0,0,0,140.0,4.219121499185571,3,0
Don 2,7.1,1,0,0,1,0,0,0,0,0,0,0,0,1,0,0,0,0,0,0,148.0,5.383420131073522,1,1
Players,4.3,1,1,0,0,0,0,0,0,0,0,0,0,1,0,0,0,0,0,0,163.0,4.011889341957612,0,0
Agneepath,6.9,1,1,0,1,0,0,0,0,0,0,0,0,0,0,0,0,0,0,0,174.0,5.3783037201746975,3,1
Ek Main Aur Ekk Tu,5.8,0,0,0,1,0,1,1,0,0,0,0,0,0,0,0,0,0,0,0,110.0,4.324681272158334,1,0
Ekk Deewana Tha,6.1,0,0,0,1,0,0,1,0,0,0,0,0,0,0,0,0,0,0,0,136.0,2.501048926101964,0,0
Tere Naal Love Ho Gaya,5.9,0,0,0,1,0,1,1,0,0,0,0,0,0,0,0,0,0,0,0,130.0,3.654679843608211,0,0
Paan Singh Tomar,8.2,1,1,0,0,0,0,0,0,0,0,1,0,0,0,0,0,0,0,0,135.0,3.157131211341035,0,0
London Paris New York,5.6,0,0,0,0,0,0,1,0,0,0,0,0,0,0,0,0,0,0,0,100.0,2.5708281656766845,0,0
Kahaani,8.1,1,0,0,1,0,0,0,0,0,0,0,0,0,0,0,0,0,0,0,122.0,4.58158886334506,1,0
Agent Vinod,5.2,1,0,0,0,0,0,0,0,0,0,0,0,1,1,0,0,0,0,0,157.0,4.4089099998009775,2,0
Blood Money,4.8,1,0,0,0,0,0,0,0,0,0,0,0,1,0,0,0,0,0,0,109.0,2.8887631389425033,0,0
Housefull 2,5.4,1,0,0,1,0,1,0,0,0,0,0,0,0,0,0,0,0,0,0,145.0,5.297202503515851,1,1
Hate Story,5.3,0,0,0,1,0,0,0,0,0,0,0,0,1,0,0,0,0,0,0,140.0,3.2737321544689992,0,0
Vicky Donor,7.7,0,0,0,0,0,1,1,0,0,0,0,0,0,0,0,0,0,0,0,126.0,4.213187676355288,1,0
Tezz,4.1,1,1,0,1,0,0,0,0,0,0,0,0,0,0,0,0,0,0,0,121.0,3.3984084894845425,2,0
Jannat 2,6.3,0,1,0,1,0,0,0,0,0,0,0,0,1,0,0,0,0,0,0,150.0,4.390718578427787,0,0
Ishaqzaade,6.5,1,0,0,1,0,0,1,0,0,0,0,0,0,0,0,0,0,0,0,120.0,4.4630933981353635,1,0
Arjun: The Warrior Prince,6.8,1,0,0,0,0,0,0,0,0,0,0,0,0,1,0,1,0,0,0,96.0,1.34817427156638,0,0
Rowdy Rathore,5.8,1,1,0,0,0,1,0,0,0,0,0,0,0,0,0,0,0,0,0,140.0,5.524966293487349,2,0
Shanghai,7.2,0,1,0,1,0,0,0,0,1,0,0,0,0,0,0,0,0,0,0,120.0,3.637554680046264,0,0
Ferrari Ki Sawaari,6.4,0,0,0,1,1,1,0,0,0,0,0,0,0,0,0,0,0,0,0,140.0,3.983314258202273,0,0
Teri Meri Kahaani,4.9,0,0,0,1,0,1,1,0,0,0,0,0,0,0,0,0,0,0,0,117.0,3.8976775151401855,2,0
Gangs of Wasseypur,8.2,1,0,0,1,0,0,0,0,0,0,0,0,1,0,0,0,0,0,0,321.0,3.878470725000019,0,0
Bol Bachchan,5.6,1,0,0,0,0,1,0,0,0,0,0,0,0,0,0,0,0,0,0,155.0,5.268058488624212,3,0
Cocktail,6.3,0,0,0,1,0,1,1,0,0,0,0,0,0,0,0,0,0,0,0,146.0,4.898907785238188,2,0
Kyaa Super Kool Hain Hum,5.0,0,0,0,0,0,1,0,0,0,0,0,0,0,0,0,0,0,0,0,136.0,4.450258279000942,0,0
Jism 2,3.1,0,0,0,1,0,0,1,0,0,0,0,0,1,0,0,0,0,0,0,130.0,4.0667007272577145,0,0
Ek Tha Tiger,5.7,1,0,0,1,0,0,0,0,0,0,0,0,1,0,0,0,0,0,0,132.0,5.923623022410256,3,0
Joker,2.5,0,0,0,0,1,1,0,0,0,0,0,0,0,0,0,0,0,1,0,104.0,3.7661186019717388,2,0
Barfi!,8.1,1,0,0,1,0,0,0,0,0,0,0,0,1,0,0,0,0,0,0,151.0,5.35332614048187,2,0
English Vinglish,7.8,0,0,0,1,1,1,0,0,0,0,0,0,0,0,0,0,0,0,0,134.0,4.1952666823075795,1,0
Chittagong,7.3,1,0,0,1,0,0,0,0,0,1,0,0,0,0,0,0,0,0,0,105.0,0.30475942192661387,0,0
Aiyyaa,4.4,0,0,0,0,0,1,1,0,0,0,0,0,0,0,0,0,0,0,0,152.0,2.5977105142307364,1,0
Bhoot Returns,2.6,0,0,0,0,0,0,0,0,1,0,0,0,1,0,1,0,0,0,0,85.0,2.332267236347527,0,0
Student of the Year,5.3,0,0,1,1,0,1,0,0,0,0,0,0,0,0,0,0,0,0,0,146.0,4.884829640587108,2,1
Luv Shuv Tey Chicken Khurana,6.6,0,0,0,0,0,1,0,0,0,0,0,0,0,0,0,0,0,0,0,140.0,2.883532049655499,0,0
1920: Evil Returns,4.9,0,0,0,1,0,0,1,0,0,0,0,0,0,0,1,0,0,0,0,124.0,3.7811932294695447,0,0
Jab Tak Hai Jaan,6.7,0,0,0,1,0,0,1,0,0,0,0,0,0,0,0,0,0,0,0,198.0,5.427698243946233,5,1
Son of Sardaar,4.3,1,0,0,0,0,1,0,0,0,0,0,0,0,0,0,0,0,0,0,141.0,5.2880556607626845,3,1
Khiladi 786,4.4,1,0,0,0,0,1,1,0,0,0,0,0,0,0,0,0,0,0,0,141.0,4.884829640587108,2,0
Delhi Safari,5.5,0,0,0,0,0,1,0,0,0,0,0,0,0,1,0,1,0,0,0,96.0,1.3530327526724688,0,0
Dabangg 2,4.8,1,1,0,0,0,1,0,0,0,0,0,0,0,0,0,0,0,0,0,120.0,5.675604864645761,2,1
Table No. 21,7.2,0,0,0,1,0,0,0,0,0,0,0,0,1,1,0,0,0,0,0,108.0,2.972496226283523,0,0
Matru Ki Bijlee Ka Mandola,5.6,0,0,0,1,0,1,0,0,0,0,0,0,0,0,0,0,0,0,0,151.0,4.259011315155334,1,0
Race 2,5.4,1,1,0,0,0,0,0,0,0,0,0,0,1,0,0,0,0,0,0,150.0,5.1466977802880445,2,1
ABCD (Any Body Can Dance),6.3,0,0,1,1,0,0,0,0,0,0,0,0,0,0,0,0,0,0,0,160.0,4.3617525033468105,0,0
Special 26,8.0,1,0,0,1,0,0,0,0,0,0,0,0,1,0,0,0,0,0,0,144.0,4.741667552155301,1,0
Murder 3,5.0,0,0,0,1,0,0,0,0,1,0,0,0,1,0,0,0,0,0,0,124.0,3.686835545193126,0,1
Kai Po Che,7.8,0,0,0,1,0,0,0,0,0,0,0,0,0,0,0,0,1,0,0,130.0,4.448369813103948,0,0
"I, Me Aur Main",4.7,0,0,1,1,0,1,0,0,0,0,0,0,0,0,0,0,0,0,0,108.0,2.765283262782402,0,0
Saheb Biwi Aur Gangster Returns,6.7,1,1,0,1,0,0,0,0,0,0,0,0,0,0,0,0,0,0,0,142.0,3.6464003480107485,0,0
Mere Dad Ki Maruti,6.4,0,0,0,1,0,1,1,0,0,0,0,0,0,0,0,0,0,0,0,101.0,3.105941678820719,0,0
Himmatwala,1.8,1,0,0,1,0,1,0,0,0,0,0,0,0,0,0,0,0,0,0,150.0,4.403192345278462,1,1
Chashme Baddoor,5.4,0,0,0,1,0,1,0,0,0,0,0,0,0,0,0,0,0,0,0,121.0,4.275229989142444,0,0
Ek Thi Daayan,5.7,0,0,0,0,0,0,1,0,0,0,0,0,1,0,1,0,0,0,0,135.0,3.80410759725295,0,0
Aashiqui 2,7.1,1,0,0,1,0,0,0,0,0,0,0,0,1,0,0,0,0,0,0,132.0,4.900749927783551,1,0
Chhota Bheem and the Throne of Bali,6.3,1,0,0,0,0,0,0,0,0,0,0,0,0,1,0,1,0,0,0,130.0,2.1240832763050466,0,0
Shootout at Wadala,6.0,1,1,0,0,0,0,0,0,0,0,1,0,0,0,0,0,0,0,0,155.0,4.638263761090764,1,0
Go Goa Gone,6.7,1,0,0,0,0,1,0,0,0,0,0,0,0,1,0,0,0,0,0,108.0,3.7795550938410822,1,0
Aurangzeb,6.4,1,0,0,1,0,0,0,0,0,0,0,0,1,0,0,0,0,0,0,137.0,3.6639925774766233,0,0
Yeh Jawaani Hai Deewani,7.3,1,0,0,1,0,0,0,0,0,0,0,0,1,0,0,0,0,0,0,160.0,5.773784212324642,2,0
Yamla Pagla Deewana 2,3.5,1,0,0,0,0,1,0,0,0,0,0,0,0,0,0,0,0,0,0,154.0,4.149870926798911,0,0
Fukrey,6.9,0,0,0,1,0,1,1,0,0,0,0,0,0,0,0,0,0,0,0,139.0,4.14449282010971,0,0
Ankur Arora Murder Case,6.5,0,0,0,1,0,0,0,0,0,0,0,0,1,0,0,0,0,0,0,129.0,1.0246157153231317,0,0
Shortcut Romeo,3.0,1,1,0,1,0,0,0,0,0,0,0,0,0,0,0,0,0,0,0,146.0,1.6842703300267514,0,0
Raanjhanaa,7.6,0,0,0,1,0,0,1,0,0,0,0,0,0,0,0,0,0,0,0,140.0,4.641057385003982,0,0
Ghanchakkar,5.9,0,1,0,0,0,1,0,0,0,0,0,0,1,0,0,0,0,0,0,137.0,4.0747059549311535,1,0
Sixteen,6.2,0,0,0,1,0,0,1,0,0,0,0,0,1,0,0,0,0,0,0,138.0,1.2382018116758358,0,0
Bhaag Milkha Bhaag,8.2,1,0,0,1,0,0,0,0,0,0,0,0,1,0,0,0,0,0,0,186.0,5.227290094190534,0,0
D-Day,7.2,1,0,0,0,0,0,0,0,0,0,0,0,1,0,0,0,0,0,0,153.0,3.7334564714875462,0,0
Ramaiya Vastavaiya,5.8,1,0,0,1,0,1,0,0,0,0,0,0,0,0,0,0,0,0,0,148.0,4.1390856329204455,0,0
Nasha,3.2,0,0,0,1,0,0,1,0,0,0,0,0,0,0,0,0,0,0,0,122.0,2.0236336942029607,0,0
B.A. Pass,6.3,0,1,0,1,0,0,0,0,0,0,0,0,1,0,0,0,0,0,0,95.0,2.727081094480667,0,0
Chennai Express,6.2,1,0,0,1,0,0,0,0,0,0,0,0,1,0,0,0,0,0,0,141.0,5.959309680456595,3,1
Madras Cafe,7.6,1,0,0,1,0,0,0,0,0,0,0,0,1,0,0,0,0,0,0,130.0,4.298381933255675,0,0
Satyagraha,5.9,0,0,0,1,0,0,0,0,0,0,0,0,0,0,0,0,0,0,0,152.0,4.695195514754707,3,0
Zanjeer,3.4,1,0,0,1,0,0,0,0,0,0,0,0,0,0,0,0,0,0,0,137.0,3.289812196868511,2,0
Grand Masti,4.5,0,0,0,0,0,1,0,0,0,0,0,0,0,0,0,0,0,0,0,137.0,5.1619220786932924,0,0
The Lunchbox,7.8,1,0,0,1,0,0,0,0,0,0,0,0,0,0,0,0,0,0,0,104.0,3.565091925132848,0,0
Phata Poster Nikhla Hero,4.9,1,0,0,1,0,1,0,0,0,0,0,0,0,0,0,0,0,0,0,146.0,4.145301382335049,1,0
Besharam,3.5,1,0,0,0,0,1,1,0,0,0,0,0,0,0,0,0,0,0,0,143.0,4.631825215779813,1,0
Boss,5.1,1,0,0,1,0,1,0,0,0,0,0,0,0,0,0,0,0,0,0,143.0,4.533758407833336,2,1
Shahid,8.2,0,0,0,1,0,0,0,0,0,0,1,0,0,0,0,0,0,0,0,129.0,1.9650710918055512,0,0
Krrish 3,5.4,1,0,0,0,0,0,0,0,0,0,0,0,0,0,0,0,0,1,0,152.0,6.0345312249016345,3,1
Goliyon Ki Raasleela Ram Leela,6.4,1,0,0,1,0,0,0,0,0,0,0,0,1,0,0,0,0,0,0,150.0,5.2926740683120705,3,0
Singh Saab the Great,5.6,1,0,0,1,0,0,0,0,0,0,0,0,0,0,0,0,0,0,0,134.0,3.836178482018,0,0
Gori Tere Pyaar Mein!,4.9,0,0,0,1,0,1,1,0,0,0,0,0,0,0,0,0,0,0,0,150.0,3.3589829476811324,1,0
R... Rajkumar,5.3,1,1,0,0,0,0,1,0,0,0,0,0,0,0,0,0,0,0,0,146.0,4.731225602407447,2,0
Jackpot,2.0,0,0,0,0,0,1,0,0,0,0,0,0,1,0,0,0,0,0,0,132.0,2.292141106390993,0,0
Dhoom 3,5.4,1,0,0,1,0,0,0,0,0,0,0,0,1,0,0,0,0,0,0,172.0,6.183192559617609,2,1
Dedh Ishqiya,7.0,0,0,0,1,0,1,1,0,0,0,0,0,0,0,0,0,0,0,0,152.0,3.775263429742949,1,0
Yaariyan,2.8,0,0,0,1,0,0,1,0,0,0,0,0,0,0,0,0,0,0,0,145.0,4.146203633035917,0,0
Jai Ho,5.0,1,0,0,1,0,0,0,0,0,0,0,0,0,0,0,0,0,0,0,135.0,5.197017964352767,1,1
Hasee Toh Phasee,6.8,0,0,0,0,0,1,1,0,0,0,0,0,0,0,0,0,0,0,0,141.0,4.076659648658425,0,0
Gunday,2.7,1,0,1,1,0,0,0,0,0,0,0,0,0,0,0,0,0,0,0,152.0,4.8104287824772936,2,1
Darr @ the Mall,4.9,0,0,0,0,0,0,0,0,0,0,0,0,1,0,1,0,0,0,0,124.0,2.1598248506828126,0,0
Highway,7.6,0,1,0,1,0,0,1,0,0,0,0,0,0,0,0,0,0,0,0,133.0,3.8800716472211847,1,0
Shaadi Ke Side Effects,5.6,0,0,0,0,0,1,1,0,0,0,0,0,0,0,0,0,0,0,0,145.0,4.075607720214109,1,0
Queen,8.1,1,0,0,1,0,0,0,0,0,0,0,0,1,0,0,0,0,0,0,146.0,4.559278040724643,0,0
Ankhon Dekhi,7.9,0,0,0,1,0,1,0,0,0,0,0,0,0,0,0,0,0,0,0,107.0,0.7638708989458204,0,0
Main Tera Hero,5.1,1,0,0,0,0,1,1,0,0,0,0,0,0,0,0,0,0,0,0,128.0,4.374505298513084,0,0
Bhoothnath Returns,6.5,0,0,0,1,0,1,0,1,0,0,0,0,0,0,0,0,0,0,0,155.0,4.131383205712368,1,0
2 States,6.9,0,0,0,1,0,1,1,0,0,0,0,0,0,0,0,0,0,0,0,149.0,5.070425429844905,1,1
Horror Story,4.2,0,0,0,0,0,0,0,0,0,0,0,0,0,0,1,0,0,0,0,91.0,2.1580360706014017,0,0
Mastram,4.8,0,0,0,1,0,0,0,0,0,0,1,0,0,0,0,0,0,0,0,98.0,1.8230239784725355,0,0
The Xpose,3.4,0,0,0,1,0,0,1,0,1,0,0,0,0,0,0,0,0,0,0,113.0,3.5912734504454638,0,0
Children of War,6.6,0,0,0,1,0,0,0,0,0,1,0,1,0,0,0,0,0,0,0,160.0,0.6732705187772489,0,0
Heropanti,5.2,1,0,0,1,0,0,1,0,0,0,0,0,0,0,0,0,0,0,0,146.0,4.418782774799001,0,0
CityLights,7.3,0,0,0,1,0,0,0,0,0,0,0,0,1,0,0,0,0,0,0,126.0,2.652223635719202,0,0
Filmistaan,7.3,0,0,0,0,0,1,0,0,0,0,0,0,0,0,0,0,0,0,0,117.0,2.3730757065027728,0,0
Miss Lovely,7.4,0,1,0,1,0,0,1,0,0,0,0,0,0,0,0,0,0,0,0,113.0,0.5648675815592528,0,0
Humshakals,1.7,0,0,0,1,0,1,1,0,0,0,0,0,0,0,0,0,0,0,0,159.0,4.602455647818012,1,0
Humpty Sharma Ki Dulhania,6.0,0,0,0,1,0,1,1,0,0,0,0,0,0,0,0,0,0,0,0,133.0,4.787581703462094,1,0
Hate Story 2,4.4,0,0,0,1,0,0,0,0,0,0,0,0,1,0,0,0,0,0,0,130.0,3.7631097468285213,0,0
Pizza,6.2,0,0,0,0,0,0,0,0,1,0,0,0,1,0,1,0,0,0,0,107.0,2.026176100602779,0,0
Kick,6.0,1,0,0,1,0,0,0,0,0,0,0,0,1,0,0,0,0,0,0,146.0,5.886749825232014,1,1
Singham Returns,5.7,1,1,0,1,0,0,0,0,0,0,0,0,0,0,0,0,0,0,0,142.0,5.388519786071324,3,0
Mardaani,7.3,1,1,0,1,0,0,0,0,0,0,0,0,0,0,0,0,0,0,0,113.0,4.0342433351567655,1,0
Raja Natwarlal,6.2,0,1,0,0,0,0,0,0,0,0,0,0,1,0,0,0,0,0,0,141.0,3.7511705608335464,0,0
Mary Kom,6.8,1,0,0,1,0,0,0,0,0,0,1,0,0,0,0,0,0,0,0,122.0,4.483478330362751,1,0
Creature,3.2,1,0,0,0,0,0,0,0,0,0,0,0,0,0,1,0,0,1,0,134.0,3.3472584296488597,0,0
Daawat-e-Ishq,6.1,0,0,0,1,0,1,1,0,0,0,0,0,0,0,0,0,0,0,0,118.0,3.7015527755026207,0,0
Khoobsurat,6.4,0,0,0,0,0,1,1,0,0,0,0,0,0,0,0,0,0,0,0,130.0,2.65767003280516,0,0
Haider,8.0,1,0,0,1,0,0,0,0,0,0,0,0,1,0,0,0,0,0,0,160.0,4.476277788299421,2,1
Bang Bang,5.7,1,0,0,1,0,0,0,0,0,0,0,0,1,0,0,0,0,0,0,153.0,5.640100967952255,3,1
Happy New Year,5.0,1,0,0,1,0,0,0,0,0,0,0,0,1,0,0,0,0,0,0,180.0,5.754259633626689,2,1
The Shaukeens,4.8,0,0,0,0,0,1,0,0,0,0,0,0,0,0,0,0,0,0,0,124.0,3.792872368364457,0,0
Kill Dil,4.5,1,0,0,1,0,1,0,0,0,0,0,0,0,0,0,0,0,0,0,127.0,3.957908233769624,1,0
Happy Ending,5.4,0,0,0,0,0,1,1,0,0,0,0,0,0,0,0,0,0,0,0,135.0,3.4378727335881836,1,0
Zid,4.5,0,1,0,0,0,0,1,0,0,0,0,0,1,0,0,0,0,0,0,126.0,3.12745351031597,0,0
Ungli,5.8,0,1,0,1,0,0,0,0,0,0,0,0,1,0,0,0,0,0,0,114.0,3.4393652412072404,1,0
Action Jackson,3.4,1,0,0,0,0,0,0,0,0,0,0,0,0,0,0,0,0,0,0,144.0,4.505630158692958,2,0
PK,8.1,1,0,0,1,0,0,0,0,0,0,0,0,1,0,0,0,0,0,0,153.0,6.271067163718508,4,1
Ugly,7.9,1,0,0,1,0,0,0,0,0,0,0,0,1,0,0,0,0,0,0,128.0,2.365829721858367,0,1
Alone,3.7,0,0,0,0,0,0,0,0,0,0,0,0,0,0,1,0,0,0,0,133.0,3.373871179839888,0,0
Dolly Ki Doli,4.6,0,0,0,0,0,1,1,0,0,0,0,0,0,0,0,0,0,0,0,98.0,3.3693692322697397,0,1
Baby,7.9,1,0,0,0,0,0,0,0,0,0,0,0,1,0,0,0,0,0,0,159.0,4.943232855849207,1,1
Rahasya,7.5,0,0,0,0,0,0,0,0,1,0,0,0,1,0,0,0,0,0,0,123.0,0.8809569661862747,0,0
Shamitabh,6.7,0,0,0,1,0,0,0,0,0,0,0,0,0,0,0,0,0,0,0,155.0,3.518159944467463,1,0
Badlapur,7.4,1,0,0,1,0,0,0,0,0,0,0,0,1,0,0,0,0,0,0,134.0,4.303358833373299,0,0
Hunterrr,7.0,1,0,0,1,0,0,0,0,0,0,0,0,0,0,0,0,0,0,0,141.0,3.0377259276816333,0,0
Barkhaa,5.0,0,0,0,1,0,0,1,0,0,0,0,0,0,0,0,0,0,0,0,127.0,0.886976070971967,0,0
Detective Byomkesh Bakshy!,7.6,1,1,0,1,0,0,0,0,0,0,0,0,0,0,0,0,0,0,0,139.0,3.699066444808844,0,1
Ek Paheli Leela,3.8,0,0,0,0,0,0,1,0,1,0,0,0,1,0,0,0,0,0,0,145.0,3.6816091591025524,0,0
Gabbar Is Back,7.0,1,1,0,1,0,0,0,0,0,0,0,0,0,0,0,0,0,0,0,128.0,4.856340844951821,2,0
Kuch Kuch Locha Hai,2.6,0,0,0,1,0,1,0,0,0,0,0,0,0,0,0,0,0,0,0,143.0,1.7491205957739038,0,0
Piku,7.6,0,0,0,1,0,1,0,0,0,0,0,0,0,0,0,0,0,0,0,123.0,4.764036671335582,2,0
Bombay Velvet,5.5,1,1,0,1,0,0,0,0,0,0,0,0,0,0,0,0,0,0,0,149.0,3.569115371658591,3,0
Tanu Weds Manu Returns,7.6,0,0,0,1,0,1,1,0,0,0,0,0,0,0,0,0,0,0,0,128.0,5.396817207475637,1,0
Dil Dhadakne Do,7.0,0,0,0,1,0,1,1,0,0,0,0,0,0,0,0,0,0,0,0,170.0,4.727455583774137,2,0
Hamari Adhuri Kahani,6.7,0,0,0,1,0,0,1,0,0,0,0,0,0,0,0,0,0,0,0,129.0,3.9349892117574248,1,0
Masaan,8.1,1,0,0,0,0,0,0,0,0,0,0,0,0,0,0,0,0,0,0,109.0,1.8433617540157747,1,0
I Love NY,3.4,0,0,0,0,0,1,1,0,0,0,0,0,0,0,0,0,0,0,0,127.0,1.1766991622502567,0,0
Bajrangi Bhaijaan,8.1,1,0,0,1,0,0,0,0,0,0,0,0,1,0,0,0,0,0,0,163.0,6.147844782272477,2,1
Drishyam,8.2,1,0,0,1,0,0,0,0,0,0,0,0,1,0,0,0,0,0,0,163.0,4.59312525961746,1,0
Brothers,6.4,1,0,0,1,0,0,0,0,0,0,0,0,0,0,0,0,1,0,0,156.0,4.797044427962318,1,0
Manjhi: The Mountain Man,8.0,0,0,0,1,0,0,0,0,0,0,1,0,0,0,0,0,0,0,0,120.0,2.957778570339841,0,0
All Is Well,3.6,0,0,0,1,0,1,1,0,0,0,0,0,0,0,0,0,0,0,0,126.0,3.1861085344613365,0,0
Phantom,6.0,1,0,0,1,0,0,0,0,0,0,0,0,1,0,0,0,0,0,0,136.0,4.381404525781381,3,0
Welcome Back,4.3,1,1,0,0,0,1,0,0,0,0,0,0,0,0,0,0,0,0,0,152.0,4.954905169686148,1,0
Hero,3.6,1,0,1,1,0,0,0,0,0,0,0,0,0,0,0,0,0,0,0,145.0,2.313101738018972,0,0
Katti Batti,4.7,0,0,0,1,0,1,1,0,0,0,0,0,0,0,0,0,0,0,0,135.0,3.5990451547702538,0,0
Kis Kisko Pyaar Karoon,5.6,0,0,0,0,0,1,1,0,0,0,0,0,0,0,0,0,0,0,0,133.0,4.289671234459338,0,1
Bhaag Johnny,5.1,1,0,0,0,0,0,0,1,0,0,0,0,1,0,0,0,0,0,0,118.0,1.299143490005207,0,1
Calendar Girls,4.2,0,0,0,1,0,0,0,0,0,0,0,0,0,0,0,0,0,0,0,131.0,2.3217145838246966,0,1
Singh Is Bliing,5.0,1,0,0,1,0,1,0,0,0,0,0,0,0,0,0,0,0,0,0,141.0,4.883177172539157,1,0
Jazbaa,5.7,0,0,0,1,0,0,0,0,0,0,0,0,1,0,0,0,0,0,0,119.0,3.6311967413080875,1,0
Pyaar Ka Punchnama 2,7.2,0,0,0,1,0,1,1,0,0,0,0,0,0,0,0,0,0,0,0,137.0,4.54741689814296,0,1
Shaandaar,3.7,0,0,0,1,0,1,1,0,0,0,0,0,0,0,0,0,0,0,0,144.0,4.156329234265378,2,1
Titli,7.5,0,1,0,1,0,0,0,0,0,0,0,0,1,0,0,0,0,0,0,116.0,1.2871499744583506,0,0
Prem Ratan Dhan Payo,4.4,1,0,1,1,0,0,0,0,0,0,0,0,0,0,0,0,0,0,0,164.0,5.7274512959482395,1,1
Hate Story 3,4.6,0,0,0,1,0,0,0,0,0,0,0,0,1,0,0,0,0,0,0,126.0,4.334777234410428,0,0
Dilwale,5.1,1,0,0,1,0,0,0,0,0,0,0,0,1,0,0,0,0,0,0,158.0,2.3245691262408874,3,1
Bajirao Mastani,7.3,1,0,0,1,0,0,0,0,0,0,0,0,1,0,0,0,0,0,0,158.0,5.596062959841023,4,1
Chhota Bheem Himalayan Adventure,5.8,1,0,0,0,0,0,0,0,0,0,0,0,0,1,0,1,0,0,0,97.0,1.8404341322104791,0,0
Wazir,7.1,0,1,0,1,0,0,0,0,1,0,0,0,0,0,0,0,0,0,0,103.0,4.053667925761838,1,0
Chalk N Duster,6.5,0,0,0,1,0,0,0,0,0,0,0,0,0,0,0,0,0,0,0,130.0,1.1911402049688664,0,0
Airlift,7.9,0,0,0,1,0,0,0,0,0,0,0,1,0,0,0,0,0,0,0,130.0,5.180549163486645,1,1
Ghayal Once Again,6.2,1,0,0,1,0,0,0,0,0,0,0,0,1,0,0,0,0,0,0,127.0,3.917342291906676,0,0
Sanam Teri Kasam,7.6,1,0,0,1,0,0,0,0,0,0,0,0,1,0,0,0,0,0,0,154.0,1.4288851955979895,0,0
Neerja,7.6,0,0,0,1,0,0,0,0,0,0,1,0,1,0,0,0,0,0,0,122.0,4.657223831197977,0,0
Aligarh,7.8,0,1,0,1,0,0,0,0,0,0,1,0,0,0,0,0,0,0,0,114.0,1.4929146860891407,0,0
Jai Gangaajal,5.8,1,1,0,1,0,0,0,0,0,0,0,0,0,0,0,0,0,0,0,141.85579641847315,3.8292936854439805,0,0
Miss Teacher,3.2,1,0,0,0,0,0,0,0,0,0,0,0,0,0,0,0,0,0,0,133.0,0.3657577921342981,0,0
Kapoor & Sons,7.7,0,1,0,1,0,1,0,0,0,0,0,0,0,0,0,0,0,0,0,132.0,4.626359905012502,0,0
Rocky Handsome,6.8,1,1,0,1,0,0,0,0,0,0,0,0,0,0,0,0,0,0,0,141.85579641847315,3.5755532457124426,0,1
Love Games,4.3,0,1,0,0,0,0,0,0,0,0,0,0,1,0,0,0,0,0,0,114.0,1.883316577877057,0,0
Fan,6.8,1,0,0,1,0,0,0,0,0,0,0,0,1,0,0,0,0,0,0,142.0,4.762683081202518,1,0
Laal Rang,7.8,0,1,0,1,0,1,0,0,0,0,0,0,0,0,0,0,0,0,0,147.0,1.1911402049688664,0,0
Baaghi,5.3,1,0,0,1,0,0,1,0,0,0,0,0,0,0,0,0,0,0,0,133.0,1.8748859403756049,1,0
1920 London,4.2,0,0,0,0,0,0,0,0,1,0,0,0,0,0,1,0,0,0,0,120.0,3.1055409868561243,0,0
One Night Stand,3.2,0,0,0,1,0,0,1,0,0,0,0,0,0,0,0,0,0,0,0,97.0,1.6503989359321691,0,0
Buddha in a Traffic Jam,7.2,0,1,0,0,0,0,0,0,0,0,0,0,1,0,0,0,0,0,0,114.0,0.34642656678916506,0,0
Chudail Story,2.4,0,0,0,0,0,0,0,0,0,0,0,0,1,0,1,0,0,0,0,100.0,0.22186544931006305,0,0
Azhar,5.7,0,0,0,1,0,0,0,0,0,0,1,0,0,0,0,0,1,0,0,130.0,3.841214686016034,0,0
Sarbjit,7.3,0,0,0,1,0,0,0,0,0,0,1,0,0,0,0,0,0,0,0,131.0,3.6580314111680554,1,0
Phobia,6.8,0,0,0,1,0,0,0,0,1,0,0,0,1,0,0,0,0,0,0,112.0,1.4990977974265958,0,0
Housefull 3,4.9,0,0,0,0,0,1,0,0,0,0,0,0,0,0,0,0,0,0,0,140.0,5.021346109994021,1,0
Te3n,7.2,0,1,0,1,0,0,0,0,1,0,0,0,0,0,0,0,0,0,0,136.0,3.3080127954079583,2,0
Do Lafzon Ki Kahani,6.5,1,0,0,1,0,0,1,0,0,0,0,0,0,0,0,0,0,0,0,128.0,2.1570163330650596,0,0
Margarita with a Straw,7.2,0,1,0,1,0,0,0,0,0,0,0,0,0,0,0,0,0,0,0,100.0,1.9812063294178393,0,0
Parched,7.5,0,0,0,1,0,0,0,0,0,0,0,0,0,0,0,0,0,0,0,116.0,1.0373129183678687,0,0
Udta Punjab,7.7,1,0,0,1,0,0,0,0,0,0,0,0,0,0,0,0,0,0,0,148.0,4.433866159445172,3,0
A Scandall,3.1,0,0,0,0,0,0,0,0,0,0,0,0,1,0,0,0,0,0,0,112.0,0.15323791654296426,0,0
Sultan,7.1,1,0,0,1,0,0,0,0,0,0,0,0,1,0,0,0,0,0,0,170.0,6.029787413868218,2,1
Great Grand Masti,3.7,0,0,0,1,0,1,0,1,0,0,0,0,0,0,0,0,0,0,0,134.0,2.9833790949307186,0,0
Madaari,7.6,0,0,0,1,0,0,0,0,0,0,0,0,1,0,0,0,0,0,0,133.0,3.2556682313797443,0,0
Fever,4.7,0,1,0,0,0,0,0,0,1,0,0,0,0,0,0,0,0,0,0,107.0,0.7503850236466064,0,0
Mohenjo Daro,5.6,1,0,0,1,0,0,0,0,0,0,0,0,1,0,0,0,0,0,0,155.0,4.394956350819315,1,0
A Flying Jatt,3.1,1,0,0,0,0,1,0,0,0,0,0,0,0,1,0,0,0,0,0,151.0,3.9942024035941706,0,0
Akira,5.9,1,0,0,0,0,0,0,0,0,0,0,0,1,0,0,0,0,0,0,137.0,3.7049481966935107,1,0
Baar Baar Dekho,5.4,0,0,0,1,0,0,1,0,0,0,0,0,0,0,0,0,0,1,0,141.0,3.786727068234818,1,1
Freaky Ali,5.0,0,0,0,0,0,1,0,0,0,0,0,0,0,0,0,0,1,0,0,120.0,3.0561157619035697,0,1
Pink,8.0,1,0,0,1,0,0,0,0,0,0,0,0,1,0,0,0,0,0,0,136.0,4.513487178750913,1,0
Raaz Reboot,4.4,0,0,0,0,0,0,0,0,1,0,0,0,1,0,1,0,0,0,0,128.0,3.7565561157615477,0,0
M.S. Dhoni: The Untold Story,8.0,0,0,0,1,0,0,0,0,0,0,1,0,0,0,0,0,1,0,0,184.0,5.218178904997124,1,0
Tutak Tutak Tutiya,5.4,0,0,0,0,0,1,0,0,0,0,0,0,0,0,1,0,0,0,0,138.0,1.9773928987866762,0,1
Ae Dil Hai Mushkil,5.9,0,0,1,1,0,0,1,0,0,0,0,0,0,0,0,0,0,0,0,158.0,5.051294205008075,4,1
Shivaay,6.1,1,1,0,1,0,0,0,0,0,0,0,0,0,0,0,0,0,0,0,153.0,4.9377583983623285,1,1
Force 2,6.2,1,0,0,0,0,0,0,0,0,0,0,0,1,0,0,0,0,0,0,127.0,3.918439847471065,1,0
Dear Zindagi,7.4,0,0,0,1,0,0,1,0,0,0,0,0,0,0,0,0,0,0,0,151.0,4.5545302026267915,2,0
Kahaani 2,6.5,0,0,0,0,0,0,0,0,1,0,0,0,1,0,0,0,0,0,0,127.0,3.8382477322196493,1,0
Befikre,4.1,0,0,0,1,0,1,1,0,0,0,0,0,0,0,0,0,0,0,0,130.0,4.432390982172478,3,0
Wajah Tum Ho,4.5,0,0,0,1,0,0,1,0,1,0,0,0,0,0,0,0,0,0,0,136.0,2.728558166253599,0,0
Dangal,8.3,1,0,0,1,0,0,0,0,0,0,0,0,1,0,0,0,0,0,0,161.0,6.283372121105083,1,1
OK Jaanu,5.3,0,0,0,1,0,0,1,0,0,0,0,0,0,0,0,0,0,0,0,135.0,3.475653310437557,1,0
Kaabil,7.2,1,1,0,1,0,0,0,0,0,0,0,0,0,0,0,0,0,0,0,139.0,4.93137668397266,1,1
Jolly LLB 2,7.2,0,1,0,1,0,1,0,0,0,0,0,0,0,0,0,0,0,0,0,137.0,5.049887327230121,1,0
The Ghazi Attack,7.5,1,0,0,1,0,0,0,0,0,0,0,0,1,0,0,0,0,0,0,116.0,3.328411975237233,0,0
Irada,6.3,0,0,0,1,0,0,0,0,1,0,0,0,1,0,0,0,0,0,0,109.0,0.7542911369587076,0,0
Bhouri,6.6,0,0,0,1,0,0,0,0,0,0,0,0,0,0,0,0,0,0,0,140.0,0.0013239512750163724,0,0
Rangoon,5.6,1,0,0,1,0,0,0,0,0,0,0,1,0,0,0,0,0,0,0,170.0,3.3462991695127786,2,0
Commando 2,5.4,1,0,0,0,0,0,0,0,0,0,0,0,1,0,0,0,0,0,0,144.0,3.5333927014776543,0,0
Machine,2.8,1,0,0,0,0,0,1,0,1,0,0,0,0,0,0,0,0,0,0,148.0,1.6409288639988293,1,0
OMG: Oh My God!,8.1,0,0,0,1,0,1,0,1,0,0,0,0,0,0,0,0,0,0,0,125.0,4.690618220107512,2,0
Phillauri,6.0,0,0,0,1,0,1,0,1,0,0,0,0,0,0,0,0,0,0,0,138.0,3.608288543061663,1,0
Naam Shabana,6.2,1,0,0,1,0,0,0,0,0,0,0,0,1,0,0,0,0,0,0,147.0,3.906018623548778,1,0
Sarkar 3,4.9,0,1,0,1,0,0,0,0,0,0,0,0,0,0,0,0,0,0,0,130.0,2.6501062709308414,1,0
Meri Pyaari Bindu,6.1,0,0,0,1,0,1,1,0,0,0,0,0,0,0,0,0,0,0,0,117.0,2.617768124045116,1,0
Hindi Medium,7.8,0,0,0,1,0,1,0,0,0,0,0,0,0,0,0,0,0,0,0,132.0,4.534691780899297,0,0
Half Girlfriend,4.7,0,0,0,1,0,0,1,0,0,0,0,0,0,0,0,0,0,0,0,135.0,4.393054770012913,1,0
Sachin - A Billion Dreams,8.5,0,0,0,0,0,0,0,0,0,0,0,0,0,0,0,0,1,0,1,138.0,4.22567250584152,0,0
Hanuman Da' Damdaar,5.3,0,0,0,0,1,0,0,0,0,0,0,0,0,0,0,1,0,0,0,105.0,1.04433596657101,1,0
Raabta,4.8,1,0,0,1,0,0,0,1,0,0,0,0,0,0,0,0,0,0,0,147.0,3.5555862317699853,1,0
Behen Hogi Teri,5.6,0,0,0,0,0,1,0,0,0,0,0,0,0,0,0,0,0,0,0,128.0,1.290996350984548,0,0
Tubelight,4.0,0,0,0,1,0,0,0,0,0,1,0,0,0,0,0,0,0,0,0,136.0,5.068897896958353,2,1
Ek Haseena Thi Ek Deewana Tha,2.5,0,0,0,1,0,0,0,0,0,0,0,0,0,0,0,0,0,0,0,105.0,0.9768344494364722,0,0
Mom,7.2,1,0,0,1,0,0,0,0,0,0,0,0,1,0,0,0,0,0,0,146.0,3.9197846264509772,1,0
Guest iin London,5.4,0,0,0,0,0,1,0,0,0,0,0,0,0,0,0,0,0,0,0,132.0,2.7144411241660578,0,0
Jagga Jasoos,6.4,0,0,1,0,0,1,0,0,0,0,0,0,0,1,0,0,0,0,0,161.0,4.287065869025427,2,0
Munna Michael,3.4,1,0,1,1,0,0,0,0,0,0,0,0,0,0,0,0,0,0,0,140.0,3.797141659703428,0,0
Tum Mile,5.1,0,0,0,1,0,0,1,0,0,0,0,0,0,0,0,0,0,0,0,140.0,2.587343242394465,0,0
Mubarakan,5.6,0,0,0,0,0,1,1,0,0,0,0,0,0,0,0,0,0,0,0,156.0,4.312772924727609,1,0
Indu Sarkar,6.0,0,0,0,1,0,0,0,0,0,0,0,0,1,0,0,0,0,0,0,141.85579641847315,2.02259324453126,0,0
Jab Harry Met Sejal,5.1,0,0,0,1,0,1,1,0,0,0,0,0,0,0,0,0,0,0,0,143.0,4.456973968350152,2,0
Gurgaon,6.4,0,1,0,0,0,0,0,0,0,0,0,0,1,0,0,0,0,0,0,107.0,0.5318973778914641,1,0
Babumoshai Bandookbaaz,6.8,1,1,0,0,0,1,0,0,0,0,0,0,0,0,0,0,0,0,0,122.0,2.9120784950525085,0,0
Baadshaho,4.9,1,0,0,0,0,0,0,0,0,0,0,0,1,1,0,0,0,0,0,136.0,4.648891079956494,1,1
Lipstick Under My Burkha,6.8,0,0,0,1,0,1,0,0,0,0,0,0,0,0,0,0,0,0,0,117.0,3.275254174212008,0,0
Simran,5.2,0,1,0,1,0,0,0,0,0,0,0,0,1,0,0,0,0,0,0,124.0,3.1724771744274123,0,0
Lucknow Central,6.2,1,0,1,1,0,0,0,0,0,0,0,0,0,0,0,0,0,0,0,133.0,2.762416823230186,0,0
Bhoomi,5.3,1,0,0,1,0,0,0,0,0,0,0,0,0,0,0,0,0,0,0,136.0,2.713563146717247,1,1
Newton,7.6,0,0,0,1,0,1,0,0,0,0,0,0,0,0,0,0,0,0,0,106.0,3.440612958759264,1,1
Judwaa 2,3.7,1,0,0,0,0,1,1,0,0,0,0,0,0,0,0,0,0,0,0,145.0,5.218377766871512,0,1
Crd,6.4,0,0,0,1,0,0,1,0,0,0,0,0,0,0,0,0,0,0,0,108.0,0.06413975814597658,0,1
Chef,5.7,0,0,0,1,1,1,0,0,0,0,0,0,0,0,0,0,0,0,0,133.0,2.24486645327815,1,0
Secret Superstar,7.7,1,0,0,1,0,0,0,0,0,0,0,0,0,0,0,0,0,0,0,150.0,4.442581849555514,0,1
Golmaal Again,5.0,1,0,0,0,0,1,0,0,0,0,0,0,0,0,1,0,0,0,0,140.0,5.611315840733119,2,1
Ittefaq,7.2,1,0,0,1,0,0,0,0,0,0,0,0,0,0,0,0,0,0,0,105.0,1.2651628918352806,1,0
Shaadi Mein Zaroor Aana,7.5,0,0,0,1,0,1,1,0,0,0,0,0,0,0,0,0,0,0,0,137.0,2.757385287981685,0,0
Tumhari Sulu,7.0,0,0,0,1,0,1,0,0,0,0,0,0,0,0,0,0,0,0,0,150.0,3.889624732225588,1,0
Aksar 2,3.6,0,1,0,1,0,0,0,0,1,0,0,0,0,0,0,0,0,0,0,127.0,2.1304954842255985,0,0
Ajji,6.8,0,1,0,1,0,0,0,0,0,0,0,0,0,0,0,0,0,0,0,104.0,0.1589059138485776,0,0
Julie 2,2.2,0,0,0,1,0,0,1,0,0,0,0,0,1,0,0,0,0,0,0,159.0,1.0489875381814415,0,0
Monsoon Shootout,6.6,1,1,0,1,0,0,0,0,0,0,0,0,0,0,0,0,0,0,0,92.0,0.5849475558036596,0,0
Tiger Zinda Hai,5.9,1,0,0,0,0,0,0,0,0,0,0,0,1,1,0,0,0,0,0,161.0,6.109977746017285,2,1
1921,4.3,0,0,0,0,0,0,1,0,1,0,0,0,0,0,1,0,0,0,0,144.0,3.0691463338342446,0,0
Kaalakaandi,6.2,0,0,0,0,0,1,0,0,0,0,0,0,1,0,0,0,0,0,0,112.0,2.2151798162892082,1,0
Padmaavat,7.1,1,0,0,1,0,0,0,0,0,0,0,0,1,0,0,0,0,0,0,163.0,5.96623067997135,4,1
Pad Man,7.9,0,0,0,1,0,1,0,0,0,0,0,0,0,0,0,0,0,0,0,140.0,4.666709280610491,1,0
Aiyaary,5.3,1,1,0,1,0,0,0,0,0,0,0,0,0,0,0,0,0,0,0,157.0,3.1970036103901496,0,0
Welcome to New York,1.5,0,0,0,1,0,1,0,0,0,0,0,0,0,0,0,0,0,0,0,118.0,1.4022575456308843,2,0
Daddy's Daughter,8.0,0,0,0,1,0,0,0,0,0,0,0,0,0,0,0,0,0,0,0,97.0,0.0012867201848129903,0,0
Sonu Ke Titu Ki Sweety,7.1,1,0,0,1,0,0,0,0,0,0,0,0,0,0,0,0,0,0,0,138.0,4.9507323714300355,0,0
Pari,6.6,0,0,0,0,0,0,0,1,1,0,0,0,0,0,1,0,0,0,0,136.0,3.6451208768733583,1,0
3 Storeys,7.0,0,0,0,1,0,0,0,0,0,0,0,0,0,0,0,0,0,0,0,100.0,1.7995936332822977,0,0
Raid,7.4,1,0,0,1,0,0,0,0,0,0,0,0,1,0,0,0,0,0,0,122.0,4.895655400357243,1,0
Hichki,7.5,1,0,0,1,0,0,0,0,0,0,0,0,0,0,0,0,0,0,0,116.0,4.102603858787005,1,0
Baaghi 2,4.8,1,0,0,1,0,0,0,0,0,0,0,0,1,0,0,0,0,0,0,137.0,1.7403874928107452,0,1
Missing,5.8,0,0,0,1,0,0,0,0,1,0,0,0,1,0,0,0,0,0,0,120.0,0.7454035179316545,0,0
Blackmail,7.1,0,0,0,1,0,1,0,0,0,0,0,0,1,0,0,0,0,0,0,138.0,1.8453713597928885,0,0
October,7.6,0,0,0,1,0,0,1,0,0,0,0,0,0,0,0,0,0,0,0,115.0,3.9375277586525272,0,0
Beyond the Clouds,6.9,0,0,0,1,1,0,0,0,0,0,0,0,0,0,0,0,0,0,0,120.0,1.1309839059838156,0,0
Omerta,7.1,1,1,0,0,0,0,0,0,0,0,1,0,0,0,0,0,0,0,0,98.0,1.7198466562291115,0,0
102 Not Out,7.4,0,0,0,1,0,1,0,0,0,0,0,0,0,0,0,0,0,0,0,102.0,4.219661437849747,1,0
Raazi,7.7,1,0,0,1,0,0,0,0,0,0,0,0,1,0,0,0,0,0,0,138.0,5.077982301789373,2,0
The Past,3.4,0,0,0,1,0,0,0,0,0,0,0,0,0,0,1,0,0,0,0,120.0,0.07441419128064201,0,0
Kuch Pal Pyar Ke,4.6,0,0,0,1,0,0,0,0,0,0,0,0,0,0,0,0,0,0,0,104.0,0.0012867201848129903,0,0
Bhavesh Joshi Superhero,7.6,1,0,0,1,0,0,0,0,0,0,0,0,0,0,0,0,0,0,0,154.0,1.0577280047181674,0,0
Race 3,1.9,1,0,0,1,0,0,0,0,0,0,0,0,0,0,0,0,0,0,0,160.0,5.371791073983518,2,1
Sanju,7.6,0,0,0,1,0,1,0,0,0,0,1,0,0,0,0,0,0,0,0,155.0,6.091364046355658,3,0
Soorma,7.3,0,0,0,1,0,0,0,0,0,0,1,0,0,0,0,0,1,0,0,131.0,3.7551894827201213,0,0
Dhadak,4.6,0,0,0,1,0,0,1,0,0,0,0,0,0,0,0,0,0,0,0,138.0,4.569783530247465,0,0
Saheb Biwi Aur Gangster 3,4.4,1,1,0,1,0,0,0,0,0,0,0,0,0,0,0,0,0,0,0,140.0,2.261848831696236,1,0
Mulk,7.2,0,0,0,1,0,0,0,0,0,0,0,0,0,0,0,0,0,0,0,140.0,3.3381606829416945,0,0
Karwaan,7.6,0,0,0,1,0,1,0,0,0,0,0,0,0,1,0,0,0,0,0,114.0,3.248305669818063,0,0
Gold,7.3,0,0,0,1,0,0,0,0,0,0,0,1,0,0,0,0,1,0,0,151.0,4.911419304487225,0,0
Satyameva Jayate,5.7,1,1,0,1,0,0,0,0,0,0,0,0,0,0,0,0,0,0,0,140.0,4.650598929140169,0,0
Genius,5.1,1,0,0,0,0,0,0,0,0,0,0,0,1,0,0,0,0,0,0,165.0,1.8813272740540343,1,0
Yamla Pagla Deewana Phir Se...,4.4,1,0,0,1,0,1,0,0,0,0,0,0,0,0,0,0,0,0,0,145.0,2.592299920369638,0,0
Paltan,5.2,1,0,0,1,0,0,0,0,0,0,0,1,0,0,0,0,0,0,0,150.0,2.3292609302504856,0,0
Love Sonia,7.4,1,0,0,0,0,0,0,0,0,0,0,0,0,0,0,0,0,0,0,122.0,1.1796420898373403,0,0
Batti Gul Meter Chalu,5.9,0,0,0,1,0,0,0,0,0,0,0,0,0,0,0,0,0,0,0,161.0,3.9035713866816235,2,0
Manto,7.3,0,0,0,1,0,0,0,0,0,0,1,0,0,0,0,0,0,0,0,112.0,1.7538506633505822,0,0
Sui Dhaaga: Made in India,6.8,0,0,0,1,0,1,0,0,0,0,0,0,0,0,0,0,0,0,0,122.0,4.632221689865869,1,0
Pataakha,7.2,1,0,0,1,0,1,0,0,0,0,0,0,0,0,0,0,0,0,0,134.0,2.2974178791698465,0,0
Andhadhun,8.2,1,0,0,1,0,0,0,0,0,0,0,0,1,0,0,0,0,0,0,139.0,4.575105050340477,1,0
Tumbbad,8.2,1,0,0,1,0,0,0,0,0,0,0,0,1,0,0,0,0,0,0,108.0,2.916257766775723,0,1
Jalebi,6.1,1,0,0,1,0,0,0,0,0,0,0,0,0,0,0,0,0,0,0,112.0,1.4117163559909949,0,1
Badhaai Ho,7.9,1,0,0,1,0,0,0,0,0,0,0,0,0,0,0,0,0,0,0,124.0,5.18279163989564,1,1
Baazaar,6.5,0,1,0,1,0,0,0,0,0,0,0,0,1,0,0,0,0,0,0,137.0,3.4932468871892577,1,0
Lupt,4.6,0,0,0,0,0,0,0,0,0,0,0,0,1,0,1,0,0,0,0,110.0,1.1142237595090647,0,1
Thugs of Hindostan,4.1,1,0,0,0,0,0,0,0,0,0,0,0,0,1,0,0,0,0,0,164.0,5.276401136959862,2,1
Mohalla Assi,6.6,0,0,0,1,0,1,0,0,0,0,0,0,0,0,0,0,0,0,0,150.0,1.135130416465758,0,0
Pihu,6.7,0,0,0,1,0,0,0,0,0,0,0,0,1,0,0,0,0,0,0,91.0,1.5709347187982428,0,0
Kedarnath,6.8,0,0,0,1,0,0,1,0,0,0,0,0,0,0,0,0,0,0,0,116.0,4.461850670749842,0,0
Delhi Bus,6.9,0,1,0,0,0,0,0,0,0,0,0,0,1,0,0,0,0,0,0,109.0,0.0025717868481836465,0,0
Zero,5.2,1,0,0,1,0,0,0,0,0,0,0,0,1,0,0,0,0,0,0,164.0,4.764221975773593,3,1
Simmba,5.5,1,1,0,1,0,0,0,0,0,0,0,0,0,0,0,0,0,0,0,158.0,5.7378964122260045,2,0
706,5.3,0,0,0,0,0,0,0,0,0,0,0,0,1,0,0,0,0,0,0,120.0,0.007287071001848625,0,0
Evening Shadows,7.2,0,0,1,1,0,0,1,0,0,0,0,0,0,0,0,0,0,0,0,102.0,0.024086530793025345,0,0
Fraud Saiyaan,4.2,0,0,0,1,0,1,0,0,0,0,0,0,0,0,0,0,0,0,0,109.0,0.4983737951461319,0,0
Thackeray,5.4,0,0,0,1,0,0,0,0,0,0,1,0,0,0,0,0,0,0,0,120.0,3.1429730926564456,0,1
Ek Ladki Ko Dekha Toh Aisa Laga,5.6,0,1,0,1,0,0,0,0,0,0,0,0,0,0,0,0,0,0,0,120.0,3.2472789980843575,1,0
Gully Boy,7.9,1,0,0,1,0,0,0,0,0,0,0,0,1,0,0,0,0,0,0,154.0,5.147246873967151,2,1
Total Dhamaal,4.3,0,0,0,0,0,1,0,0,0,0,0,0,0,1,0,0,0,0,0,130.0,5.241738055724834,3,0
Sonchiriya,7.9,1,1,0,1,0,0,0,0,0,0,0,0,0,0,0,0,0,0,0,143.0,2.202218193461748,0,0
Luka Chuppi,6.4,0,0,0,0,0,1,1,0,0,0,0,0,0,0,0,0,0,0,0,126.0,4.757850897686789,0,0
Photograph,6.8,0,0,0,1,0,0,1,0,0,0,0,0,0,0,0,0,0,0,0,110.0,0.9448558590083675,0,0
Milan Talkies,5.2,0,0,0,1,1,0,1,0,0,0,0,0,0,0,0,0,0,0,0,141.0,0.4909409151791561,0,0
Kesari,7.4,1,0,0,1,0,0,0,0,0,0,0,0,1,0,0,0,0,0,0,150.0,5.242898295376858,1,0
Hotel Mumbai,7.6,1,0,0,1,0,0,0,0,0,0,0,0,1,0,0,0,0,0,0,123.0,2.5204129090874123,0,0
Notebook,7.0,0,0,0,0,0,0,1,0,0,0,0,0,0,0,0,0,0,0,0,115.0,1.7109986105278958,0,0
Romeo Akbar Walter,6.7,1,0,0,1,0,0,0,0,0,0,0,0,1,0,0,0,0,0,0,141.0,3.878088486176073,0,0
The Tashkent Files,8.1,0,0,0,1,0,0,0,0,1,0,0,0,1,0,0,0,0,0,0,134.0,3.090046059081015,1,0
Kalank,3.7,0,0,0,1,0,0,1,0,0,0,0,0,0,0,0,0,0,0,0,166.0,4.594538360066139,2,1
Blank,6.1,0,0,0,0,0,0,0,0,0,0,0,0,1,0,0,0,0,0,0,107.0,1.9847984927740525,0,0
Student of the Year 2,2.2,1,0,0,1,0,1,0,0,0,0,0,0,0,0,0,0,0,0,0,146.0,4.445488132942325,0,0
Chhota Bheem Kung Fu Dhamaka,5.2,1,0,0,0,0,0,0,0,0,0,0,0,0,1,0,1,0,0,0,97.0,1.69546131680198,0,0
De De Pyaar De,6.5,0,0,0,1,0,1,1,0,0,0,0,0,0,0,0,0,0,0,0,135.0,4.846795819271915,1,0
India's Most Wanted,4.7,1,0,0,0,0,0,0,0,0,0,0,0,1,0,0,0,0,0,0,123.0,2.741193371521415,0,0
PM Narendra Modi,3.0,0,0,0,1,0,0,0,0,0,0,1,0,0,0,0,0,0,0,0,136.0,3.397492558574511,0,0
Naughty Gang,5.0,0,0,0,0,0,1,0,0,0,0,0,0,0,0,0,0,0,0,0,120.0,0.012115783764229875,0,0
Bharat,4.7,1,0,0,1,0,1,0,0,0,0,0,0,0,0,0,0,0,0,0,150.0,5.554057025297668,2,1
Kabir Singh,7.0,1,0,0,1,0,0,0,0,0,0,0,0,0,0,0,0,0,0,0,173.0,5.829416134311665,2,0
Article 15,8.1,1,0,0,1,0,0,0,0,0,0,0,0,1,0,0,0,0,0,0,130.0,4.391730997223982,1,0
Malaal,5.9,1,0,0,1,0,0,1,0,0,0,0,0,0,0,0,0,0,0,0,136.0,1.4100419434383733,0,0
Super 30,7.9,1,0,0,1,0,0,0,0,0,0,0,0,0,0,0,0,0,0,0,154.0,5.193579866898637,1,0
Judgementall Hai Kya,5.9,0,0,0,1,0,1,0,0,1,0,0,0,0,0,0,0,0,0,0,121.0,3.7222987313943565,0,0
Arjun Patiala,4.4,1,0,0,0,0,1,0,0,0,0,0,0,0,0,0,0,0,0,0,107.0,2.2049098475632847,0,0
Jabariya Jodi,4.0,1,0,0,1,0,1,0,0,0,0,0,0,0,0,0,0,0,0,0,125.0,3.0400082761346328,0,1
Mission Mangal,6.5,0,0,0,1,0,0,0,0,0,0,0,1,0,0,0,0,0,0,0,130.0,5.515128945136307,2,0
Batla House,7.2,1,1,0,1,0,0,0,0,0,0,0,0,0,0,0,0,0,0,0,146.0,4.675783530900272,0,0
Saaho,5.1,1,0,0,0,0,0,0,0,0,0,0,0,1,0,0,0,0,0,0,170.0,5.16620540276374,2,0
Chhichhore,8.3,0,0,0,1,0,1,1,0,0,0,0,0,0,0,0,0,0,0,0,143.0,5.234358444310334,1,0
Section 375,8.1,0,1,0,1,0,0,0,0,1,0,0,0,0,0,0,0,0,0,0,124.0,2.7759583093620415,0,0
Dream Girl,7.0,0,0,0,0,0,1,1,0,0,0,0,0,0,0,0,0,0,0,0,132.0,1.0179350603445976,1,0
Pal Pal Dil Ke Paas,4.5,0,0,0,0,0,0,1,0,0,0,0,0,0,0,0,0,0,0,0,154.0,2.3693680652439566,0,0
War,6.6,1,0,0,1,0,0,0,0,0,0,0,0,1,0,0,0,0,0,0,151.0,5.962647197486597,2,1
The Sky Is Pink,7.6,0,0,0,1,0,0,1,0,0,0,0,0,0,0,0,0,0,0,0,143.0,3.235360121630541,1,0
P Se Pyaar F Se Faraar,6.6,0,1,0,1,0,0,1,0,0,0,0,0,0,0,0,0,0,0,0,131.0,0.7463288423740504,0,0
Laal Kaptaan,7.2,1,0,0,1,0,0,0,0,0,0,0,0,0,1,0,0,0,0,0,155.0,1.3549885625730793,1,0
Ghost,3.8,0,0,0,0,0,0,0,0,0,0,0,0,1,0,1,0,0,0,0,130.0,2.367085058193541,0,0
Housefull 4,3.6,1,0,0,1,0,1,0,0,0,0,0,0,0,0,0,0,0,0,0,145.0,5.47314099276344,1,1
Saand Ki Aankh,7.5,0,0,0,1,0,0,0,0,0,0,1,0,0,0,0,0,0,0,0,146.0,3.3851823774516165,0,1
Made in China,6.2,0,0,0,1,0,1,0,0,0,0,0,0,0,0,0,0,0,0,0,128.0,2.544626276609503,0,1
Ujda Chaman,6.9,0,0,0,0,0,1,0,0,0,0,0,0,0,0,0,0,0,0,0,120.0,2.6254755509872263,0,0
Bala,7.3,0,0,0,0,0,1,0,0,0,0,0,0,0,0,0,0,0,0,0,133.0,4.965535294239725,1,0
Satellite Shankar,6.3,0,0,0,1,0,0,0,0,0,0,0,0,0,0,0,0,0,0,0,135.0,0.5057518347795013,0,0
Jhalki,6.9,0,0,0,1,0,0,0,0,0,0,0,0,0,0,0,0,0,0,0,104.0,0.0705860073662054,0,0
Marjaavaan,3.7,1,0,0,1,0,0,1,0,0,0,0,0,0,0,0,0,0,0,0,152.0,4.081619305344417,0,0
Motichoor Chaknachoor,5.8,0,0,0,0,0,1,1,0,0,0,0,0,0,0,0,0,0,0,0,150.0,1.2593758489025102,0,0
Pagalpanti,3.3,1,0,0,0,0,1,0,0,0,0,0,0,0,0,0,0,0,0,0,149.0,3.7193471684722184,1,0
Yeh Saali Aashiqui,7.8,0,0,0,1,0,0,1,0,0,0,0,0,1,0,0,0,0,0,0,137.0,0.6556531144215301,0,0
Pati Patni Aur Woh,5.8,0,0,0,0,0,1,1,0,0,0,0,0,0,0,0,0,0,0,0,126.0,1.1613072033152134,0,0
Panipat,5.2,1,0,0,1,0,0,0,0,0,0,0,1,0,0,0,0,0,0,0,165.0,3.7561999100222274,1,0
The Body,5.4,0,0,0,0,0,0,0,0,1,0,0,0,1,0,0,0,0,0,0,101.0,1.6543632051715553,0,0
Mardaani 2,7.3,1,1,0,1,0,0,0,0,0,0,0,0,0,0,0,0,0,0,0,103.0,4.077288989150901,1,0
Dabangg 3,3.0,1,1,0,0,0,1,0,0,0,0,0,0,0,0,0,0,0,0,0,160.0,5.187946828412746,2,1
Chhapaak,5.4,0,0,0,1,0,0,0,0,0,0,1,0,0,0,0,0,0,0,0,120.0,3.678485693689141,1,0
Jai Mummy Di,3.8,0,0,0,1,0,1,1,0,0,0,0,0,0,0,0,0,0,0,0,103.0,1.3459664159723428,0,0
Street Dancer 3D,3.7,0,0,1,1,0,0,0,0,0,0,0,0,0,0,0,0,0,0,0,146.0,4.360658363900579,1,1
Panga,6.8,0,0,0,1,0,0,0,0,0,0,0,0,0,0,0,0,1,0,0,131.0,3.5188054469766654,0,1
Jawaani Jaaneman,6.5,0,0,0,1,0,1,0,0,0,0,0,0,0,0,0,0,0,0,0,119.0,3.5208166289729244,1,0
Malang,6.5,1,1,0,1,0,0,0,0,0,0,0,0,0,0,0,0,0,0,0,135.0,4.216418455721768,1,0
Hacked,4.4,0,0,0,0,0,0,0,0,0,0,0,0,1,0,0,0,0,0,0,118.0,1.0999604875948554,0,0
Shikara,3.4,0,0,0,1,0,0,1,0,0,0,0,1,0,0,0,0,0,0,0,118.0,2.325097333574176,0,0
Love Aaj Kal,4.7,0,0,0,1,0,0,1,0,0,0,0,0,0,0,0,0,0,0,0,142.0,4.3354752014627,0,1
Shubh Mangal Zyada Saavdhan,5.8,0,1,0,0,0,1,1,0,0,0,0,0,0,0,0,0,0,0,0,117.0,4.245876775541158,1,0
Thappad,7.0,0,0,0,1,0,0,0,0,0,0,0,0,0,0,0,0,0,0,0,142.0,3.5739613033682316,0,0
Baaghi 3,2.2,1,0,0,0,0,0,0,0,0,0,0,0,0,0,0,0,0,0,0,143.0,4.470889345525967,1,0
Kaala Patthar,7.6,1,0,0,1,0,0,0,0,0,0,0,1,0,0,0,0,0,0,0,176.0,1.48085207162919,4,0
Apno Se Bewafai,8.2,0,0,0,1,0,0,0,0,0,0,0,0,0,0,0,0,0,0,0,133.0,0.001131589637695529,0,1
Chintu Ka Birthday,7.7,0,0,0,1,0,1,0,0,0,1,0,0,0,0,0,0,0,0,0,83.0,0.011258683762515757,0,0
Coolie No. 1,4.2,1,0,0,0,0,1,1,0,0,0,0,0,0,0,0,0,0,0,0,134.0,2.7226635962738803,0,1
Shakeela,3.4,0,0,0,1,0,0,0,0,0,0,1,0,0,0,0,0,0,0,0,126.0,0.3174611964277545,1,1
Ramprasad Ki Tehrvi,7.4,0,0,0,1,0,1,0,0,0,0,0,0,0,0,0,0,0,0,0,115.0,0.27441595091477566,0,0
Kaagaz,7.3,0,0,0,1,0,1,0,0,0,0,1,0,0,0,0,0,0,0,0,109.0,0.005830414143787846,1,0
Madam Chief Minister,4.9,0,0,0,1,0,0,0,0,0,0,0,0,0,0,0,0,0,0,0,130.0,0.3513720907413572,0,1
Tuesdays and Fridays,4.6,0,0,1,0,0,1,1,0,0,0,0,0,0,0,0,0,0,0,0,106.0,0.22895665439220014,0,0
Mumbai Saga,5.8,1,1,0,0,0,0,0,0,0,0,0,1,0,0,0,0,0,0,0,135.0,3.0121787930498654,0,0
Sandeep Aur Pinky Faraar,6.3,0,1,0,1,0,1,0,0,0,0,0,0,0,0,0,0,0,0,0,125.0,0.34310808932718084,0,0
Haathi Mere Saathi,6.3,0,0,0,1,0,0,0,0,0,0,0,0,0,0,0,0,0,0,0,126.0,1.627908449484014,0,0
The Song of Scorpions,6.0,0,0,0,1,0,0,0,0,0,0,0,0,0,0,0,0,0,0,0,119.0,0.13132528684024833,0,0
Radhe,1.8,1,0,0,1,0,0,0,0,0,0,0,0,0,0,0,0,0,0,0,109.0,0.056828664768013536,1,1
Pari,7.7,0,0,0,0,0,0,0,0,0,0,0,0,1,0,0,0,0,0,0,141.85579641847315,3.551580864967719,0,1
Chehre,6.2,0,0,0,1,0,0,0,0,1,0,0,0,1,0,0,0,0,0,0,139.0,1.381833547875938,1,0
Sooryavanshi,5.9,1,1,0,1,0,0,0,0,0,0,0,0,0,0,0,0,0,0,0,145.0,5.43903454083393,4,1
Bunty Aur Babli 2,4.1,0,1,0,0,0,1,1,0,0,0,0,0,0,0,0,0,0,0,0,138.0,2.748463166294473,3,0
Satyameva Jayate 2,3.4,1,1,0,1,0,0,0,0,0,0,0,0,0,0,0,0,0,0,0,138.0,2.803810081305825,0,0
Antim: The Final Truth,6.1,1,1,0,1,0,0,0,0,0,0,0,0,0,0,0,0,0,0,0,138.0,3.8433208036962996,1,0
Chandigarh Kare Aashiqui,6.7,0,1,0,1,0,0,0,0,0,0,0,0,0,0,0,0,0,0,0,117.0,3.52782280771216,1,0
'83,7.5,0,0,0,1,0,0,0,0,0,0,1,1,0,0,0,0,0,0,0,162.0,4.855910779085547,3,1
Badhaai Do,7.0,0,1,0,1,0,1,0,0,0,0,0,0,0,0,0,0,0,0,0,147.0,3.1759297304985066,0,1
Gangubai Kathiawadi,7.8,1,0,0,1,0,0,0,0,0,0,0,0,1,0,0,0,0,0,0,152.0,4.97453918045963,2,0
Jhund,7.4,0,0,0,1,0,0,0,0,0,0,1,0,0,0,0,0,1,0,0,176.0,2.883255180540838,1,0
Toolsidas Junior,7.4,0,0,0,1,1,0,0,0,0,0,0,0,0,0,0,0,1,0,0,132.0,0.011068045236332771,1,0
Radhe Shyam,5.2,0,0,0,0,0,0,1,0,0,0,0,0,0,0,0,0,0,0,0,138.0,3.112625078269492,1,0
The Kashmir Files,8.5,1,0,0,0,0,0,0,0,0,0,0,0,0,0,0,0,0,0,0,170.0,5.6435568718579585,1,0
Bachchhan Paandey,5.0,1,1,0,0,0,1,0,0,0,0,0,0,0,0,0,0,0,0,0,147.0,4.036456839165644,1,0
Jersey,7.3,0,0,0,1,0,0,0,0,0,0,0,0,0,0,0,0,1,0,0,170.0,3.1312635653200664,1,0
Heropanti 2,2.3,1,1,0,0,0,1,0,0,0,0,0,0,0,0,0,0,0,0,0,145.0,3.3397361787586917,0,1
Runway 34,7.0,1,0,0,1,0,0,0,0,0,0,0,0,0,0,0,0,0,0,0,145.0,3.629206587352904,3,1
Mere Desh Ki Dharti,6.8,0,0,0,1,0,1,0,0,0,0,0,0,0,0,0,0,0,0,0,111.0,0.44242437673961255,0,0
Jayeshbhai Jordaar,6.0,0,0,0,1,0,1,0,0,0,0,0,0,0,0,0,0,0,0,0,121.0,2.909680026269672,1,0
Dhaakad,3.8,1,0,0,0,0,0,0,0,0,0,0,0,1,0,0,0,0,0,0,135.0,1.3536205496072586,0,0
Bhool Bhulaiyaa 2,5.7,0,0,0,0,0,1,0,0,0,0,0,0,0,0,1,0,0,0,0,143.0,5.337153799780338,1,0
Anek,6.4,1,0,0,1,0,0,0,0,0,0,0,0,0,0,0,0,1,0,0,147.0,2.309616411313833,1,0
Major,8.1,1,0,0,1,0,0,0,0,0,0,1,0,0,0,0,0,0,0,0,150.0,2.717711598452683,0,0
Samrat Prithviraj,5.6,1,0,0,1,0,0,0,0,0,0,0,1,0,0,0,0,0,0,0,135.0,4.340376193464491,2,0
Janhit Mein Jaari,6.8,0,0,0,1,0,1,1,0,0,0,0,0,0,0,0,0,0,0,0,146.0,1.718154874658067,0,0
Nikamma,2.8,1,0,0,1,0,1,0,0,0,0,0,0,0,0,0,0,0,0,0,152.0,1.0885368714473243,0,0
Hit: The First Case,6.8,0,1,0,1,0,0,0,0,1,0,0,0,0,0,0,0,0,0,0,132.0,2.428276908795537,0,0
Shabaash Mithu,5.6,0,0,0,1,0,0,0,0,0,0,1,0,0,0,0,0,1,0,0,156.0,1.2475733977170862,0,0
Shamshera,4.7,1,0,0,1,0,0,0,0,0,0,0,0,0,1,0,0,0,0,0,178.0,3.8769803661849873,2,0
Ek Villain Returns,4.4,1,0,0,1,0,0,0,0,0,0,0,0,1,0,0,0,0,0,0,129.0,3.858600708070948,0,0
Laal Singh Chaddha,5.6,1,0,0,1,0,0,0,0,0,0,0,0,1,0,0,0,0,0,0,159.0,4.1951500172882525,2,0
Liger,2.6,1,0,0,1,0,0,1,0,0,0,0,0,0,0,0,0,0,0,0,140.0,3.149083759072531,0,0
Middle Class Love,6.0,0,0,0,1,0,1,1,0,0,0,0,0,0,0,0,0,0,0,0,122.0,0.44242437673961255,0,0
Chup,7.5,0,0,0,1,0,0,0,0,1,0,0,0,0,0,1,0,0,0,0,135.0,2.472436265501674,0,0
Goodbye,6.7,0,0,0,1,1,1,0,0,0,0,0,0,0,0,0,0,0,0,0,130.0,2.091942509404378,1,1
Code Name: Tiranga,3.3,1,0,0,0,0,0,0,0,0,0,0,0,1,0,0,0,0,0,0,137.0,0.5760888366444913,0,0
Doctor G,6.6,0,0,0,1,0,1,0,0,0,0,0,0,0,0,0,0,0,0,0,124.0,3.4156782727101396,1,0
Thank God,5.6,0,0,0,0,0,1,0,0,0,0,0,0,0,0,0,0,0,0,0,121.0,3.6846431067085335,1,1
Ram Setu,5.3,1,0,0,0,0,0,0,0,0,0,0,0,1,1,0,0,0,0,0,140.0,4.394299505137462,1,1
Tara vs Bilal,5.9,0,0,0,1,0,1,1,0,0,0,0,0,0,0,0,0,0,0,0,126.0,0.02201492864853334,0,0
Double XL,4.6,0,0,0,1,0,1,0,0,0,0,0,0,0,0,0,0,0,0,0,128.0,0.5114882196462729,1,0
Uunchai,7.0,0,0,0,1,0,0,0,0,0,0,0,0,0,0,0,0,0,0,0,173.0,3.665174894588286,1,0
Mister Mummy,2.2,0,0,0,1,0,1,0,0,0,0,0,0,0,0,0,0,0,0,0,97.0,0.10552620579181392,0,0
Drishyam 2,8.2,1,0,0,1,0,0,0,0,0,0,0,0,1,0,0,0,0,0,0,140.0,5.593631011282687,1,0
Bhediya,6.7,0,0,0,0,0,1,0,0,0,0,0,0,1,0,1,0,0,0,0,156.0,4.319862206089202,0,0
Cirkus,4.3,0,0,0,1,0,1,0,0,0,0,0,0,0,0,0,0,0,0,0,112.0,3.7056566331709533,2,1
Lakadbaggha,6.1,1,1,0,0,0,1,0,0,0,0,0,0,0,0,0,0,0,0,0,129.0,0.10963611046304085,0,0
Kuttey,5.4,1,1,0,0,0,1,0,0,0,0,0,0,0,0,0,0,0,0,0,109.0,1.7746511227644435,0,0
Pathaan,5.8,1,0,0,1,0,0,0,0,0,0,0,0,1,0,0,0,0,0,0,146.0,6.350953275043821,4,1
Gandhi Godse Ek Yudh,6.7,0,0,0,1,0,0,0,0,0,0,0,1,0,0,0,0,0,0,0,110.0,1.2607637645719538,0,1
Faraaz,5.0,1,0,0,0,0,0,0,0,0,0,0,0,1,0,0,0,0,0,0,112.0,0.1467005917779682,0,0
Salaam Venky,6.6,0,0,0,1,0,0,0,0,0,0,0,0,0,0,0,0,0,0,0,137.0,0.8401552491514599,2,0
Shehzada,4.5,1,0,0,1,0,1,0,0,0,0,0,0,0,0,0,0,0,0,0,142.0,0.6935032322739237,0,0
Selfiee,5.7,1,0,0,1,0,1,0,0,0,0,0,0,0,0,0,0,0,0,0,148.0,2.931165742431818,1,0
Tu Jhoothi Main Makkaar,6.0,0,0,0,0,0,1,1,0,0,0,0,0,0,0,0,0,0,0,0,150.0,5.06263605759297,2,0
Zwigato,6.6,0,0,0,1,0,0,0,0,0,0,0,0,0,0,0,0,0,0,0,105.0,0.9478172832137649,0,0
Mrs. Chatterjee vs. Norway,7.3,0,0,0,1,0,0,0,0,0,0,1,0,0,0,0,0,0,0,0,144.0,3.170809850208795,1,0
Bheed,6.5,0,0,0,1,0,0,0,0,0,0,0,1,0,0,0,0,0,0,0,124.0,1.1437016542036824,0,0
Bholaa,5.8,1,1,0,1,0,0,0,0,0,0,0,0,0,0,0,0,0,0,0,144.0,4.470717242452782,2,0
Kisi Ka Bhai Kisi Ki Jaan,4.0,1,0,0,1,0,0,0,0,0,0,0,0,1,0,0,0,0,0,0,145.0,4.765844408585028,1,1
Afwaah,5.7,0,0,0,1,0,0,0,0,0,0,0,0,1,0,0,0,0,0,0,126.0,0.2746077663457933,0,0
The Kerala Story,6.9,1,0,0,0,0,0,0,0,0,0,0,0,0,0,0,0,0,0,0,138.0,5.545681027192875,0,0
IB 71,7.1,1,0,0,0,0,0,0,0,0,0,0,0,1,0,0,0,0,0,0,117.0,3.233358812349336,0,0
8 A.M. Metro,7.6,0,0,0,1,0,0,0,0,0,0,0,0,0,0,0,0,0,0,0,116.0,0.07114479903343657,0,0
Sirf Ek Bandaa Kaafi Hai,8.0,1,0,0,1,0,0,0,0,0,0,0,0,1,0,0,0,0,0,0,132.0,0.010478718904522394,0,0
Zara Hatke Zara Bachke,6.0,0,0,0,1,1,1,0,0,0,0,0,0,0,0,0,0,0,0,0,132.0,4.540072083853842,1,0
Siya,7.4,0,1,0,1,0,0,0,0,0,0,0,0,0,0,0,0,0,0,0,117.0,0.191179095216426,0,0
1920: Horrors of the Heart,2.8,0,0,0,1,0,0,0,0,0,0,0,0,0,0,1,0,0,0,0,122.0,2.7302368747877015,0,0
Satyaprem Ki Katha,6.7,0,0,1,1,0,1,0,0,0,0,0,0,0,0,0,0,0,0,0,146.0,4.415095282627103,1,1
Parastree,4.7,0,0,0,0,0,0,0,0,0,0,0,0,1,0,0,0,0,0,0,122.0,0.0010528268781950548,0,1
72 Hoorain,7.0,0,1,0,1,0,0,0,0,0,0,0,0,1,0,0,0,0,0,0,80.0,0.8401552491514599,0,0
Rocky Aur Rani Kii Prem Kahaani,6.5,1,0,0,1,0,0,0,0,0,0,0,0,1,0,0,0,0,0,0,168.0,5.092518564780011,3,0
Coat,7.9,0,0,0,1,1,0,0,0,0,0,0,0,0,0,0,0,0,0,0,122.0,0.0010528268781950548,0,0
Gadar 2,5.1,1,0,0,1,0,0,0,0,0,0,0,0,1,0,0,0,0,0,0,170.0,6.318065366643035,0,0
OMG 2,7.5,0,0,0,1,0,1,0,0,0,0,0,0,0,0,0,0,0,0,0,156.0,5.070075020097282,2,0
Ghoomer,7.5,1,0,0,1,0,0,0,0,0,0,0,0,0,0,0,0,0,0,0,135.0,1.8062919681856453,1,0
Dream Girl 2,5.2,0,0,0,1,0,1,1,0,0,0,0,0,0,0,0,0,0,0,0,134.0,5.0163126342689,1,0
Jawan,6.9,1,0,0,1,0,0,0,0,0,0,0,0,1,0,0,0,0,0,0,169.0,6.520975430601114,2,0
Sukhee,5.9,0,0,0,1,0,1,0,0,0,0,0,0,0,0,0,0,0,0,0,139.0,1.0072566295496106,0,0
Fukrey 3,5.5,0,1,0,1,0,1,0,0,0,0,0,0,0,0,0,0,0,0,0,147.0,4.6328758368482275,0,0
Mission Raniganj,7.2,1,0,0,1,0,0,0,0,0,0,1,0,0,0,0,0,0,0,0,134.0,3.5984372410423933,1,0
Dhak Dhak,6.3,0,0,0,1,0,0,0,0,0,0,0,0,0,0,0,0,0,0,0,140.0,0.6112346202855472,0,0
Darran Chhoo,9.0,0,0,0,0,0,1,0,0,0,0,0,0,0,0,0,0,0,0,0,135.0,0.03111238979814045,0,0
Guthlee Ladoo,7.6,0,0,0,1,0,0,0,0,0,0,0,0,0,0,0,0,0,0,0,105.0,0.07114479903343657,0,0
Bhagwan Bharose,6.8,0,0,0,1,0,1,0,0,0,0,0,0,0,0,0,0,0,0,0,94.0,0.08090741395077844,0,0
Ganapath,2.7,1,0,0,1,0,0,0,0,0,0,0,0,0,0,0,0,0,1,0,133.0,2.4175016741724766,1,1
Yaariyan 2,5.0,0,0,1,1,0,1,0,0,0,0,0,0,0,0,0,0,0,0,0,148.0,3.767753598818784,0,1
Sajini Shinde Ka Viral Video,6.2,0,1,0,0,0,0,0,0,1,0,0,0,1,0,0,0,0,0,0,116.0,0.3516088957490024,0,0
Tejas,4.3,1,0,0,1,0,0,0,0,0,0,0,0,1,0,0,0,0,0,0,112.0,1.6791502564534748,0,0
12th Fail,8.8,1,0,0,1,0,0,0,0,0,0,0,0,0,0,0,0,0,0,0,147.0,4.107250726385199,0,0
Three of Us,7.5,1,0,0,1,0,0,0,0,0,0,0,0,0,0,0,0,0,0,0,99.0,0.2746077663457933,0,0
UT69,4.7,0,0,0,1,0,0,0,0,0,0,0,0,0,0,0,0,0,0,0,117.0,0.2337632214690537,0,0
Tiger 3,5.7,1,0,0,1,0,0,0,0,0,0,0,0,1,0,0,0,0,0,0,155.0,5.7096367294780785,3,1
Khichdi 2,4.6,0,0,0,0,0,1,0,0,0,0,0,0,0,1,0,0,0,0,0,121.0,1.6613079469499052,0,0
Farrey,6.2,0,1,0,1,0,0,0,0,0,0,0,0,1,0,0,0,0,0,0,130.0,1.2149447657118382,0,0
Starfish,4.4,0,0,0,1,0,0,1,0,0,0,0,0,1,0,0,0,0,0,0,121.0,0.10015128770566024,0,0
Sam Bahadur,7.7,1,0,0,1,0,0,0,0,0,0,0,0,1,0,0,0,0,0,0,150.0,4.594547896759583,1,0
Animal,6.1,1,0,0,1,0,0,0,0,0,0,0,0,1,0,0,0,0,0,0,204.0,6.375125695942975,2,0
Shor,7.6,0,0,0,1,0,0,0,0,0,0,0,0,0,0,0,0,0,0,0,170.0,0.655951695822006,3,0
Raashifal,8.6,0,0,0,0,0,1,0,0,0,0,0,0,0,0,0,0,0,0,0,141.85579641847315,0.0010528268781950548,0,0
Joram,6.6,1,1,0,0,0,0,0,0,0,0,0,0,0,1,0,0,0,0,0,119.0,0.3516088957490024,0,0
Dunki,6.5,1,0,0,1,0,0,0,0,0,0,0,0,1,0,0,0,0,0,0,160.0,5.415029850151379,1,1
Merry Christmas,6.9,0,0,0,1,0,0,0,0,1,0,0,0,1,0,0,0,0,0,0,144.0,2.9601050959108397,2,0
Main Atal Hoon,6.9,0,0,0,1,0,0,0,0,0,0,1,0,0,0,0,0,0,0,0,139.0,2.2669579153508947,1,0
Fighter,6.2,1,0,0,1,0,0,0,0,0,0,0,0,0,0,0,0,0,0,0,166.0,5.330542513842774,4,1
Teri Baaton Mein Aisa Uljha Jiya,6.2,1,0,0,1,0,0,0,0,0,0,0,0,1,0,0,0,0,0,0,141.0,4.405254760793088,1,0
Dashmi,6.6,0,0,0,1,0,0,0,0,0,0,0,0,1,0,0,0,0,0,0,135.0,0.04879016416943201,0,0
Article 370,7.8,1,0,0,1,0,0,0,0,0,0,0,0,1,0,0,0,0,0,0,158.0,4.423288532422522,0,0
All India Rank,6.0,0,0,0,1,0,1,0,0,0,0,0,0,0,0,0,0,0,0,0,97.0,0.30010459245033805,0,0
Operation Valentine,5.3,1,0,0,1,0,0,0,0,0,0,0,0,1,0,0,0,0,0,0,133.0,0.7178397931503169,0,0
Kaagaz 2,5.8,0,0,0,1,0,0,0,0,0,0,0,0,0,0,0,0,0,0,0,125.0,0.07696104113612832,0,0
Dange,5.3,1,0,0,1,0,0,0,0,0,0,0,0,0,0,0,0,0,0,0,154.0,0.13976194237515868,0,0
Tera Kya Hoga Lovely,6.4,0,0,0,0,0,1,1,0,0,0,0,0,0,0,0,0,0,0,0,144.0,0.09531017980432487,0,0
Shaitaan,6.5,1,0,0,1,0,0,0,0,0,0,0,0,1,0,0,0,0,0,0,132.0,5.013896636798627,2,0
Bastar: The Naxal Story,6.4,1,1,0,1,0,0,0,0,0,0,0,0,0,0,0,0,0,0,0,124.0,0.832909122935104,0,0
Yodha,5.7,1,0,0,1,0,0,0,0,0,0,0,0,1,0,0,0,0,0,0,130.0,3.5100517865742376,0,0
Swatantrya Veer Savarkar,7.7,0,0,0,1,0,0,0,0,0,0,1,0,0,0,0,0,0,0,0,176.0,3.218475744846861,0,0
Madgaon Express,7.0,1,0,0,1,0,0,0,0,0,0,0,0,0,0,0,0,0,0,0,143.0,3.675540889674756,0,0
Crew,5.8,1,0,0,1,0,0,0,0,0,0,0,0,0,0,0,0,0,0,0,118.0,4.509979998984343,1,1
Dukaan,6.0,0,0,0,1,0,0,0,0,0,0,0,0,0,0,0,0,0,0,0,122.0,0.16551443847757338,0,0
Maidaan,7.9,1,0,0,1,0,0,0,0,0,0,0,0,1,0,0,0,0,0,0,181.0,3.975748696308691,1,1
Bade Miyan Chote Miyan,3.8,1,0,0,1,0,0,0,0,0,0,0,0,1,0,0,0,0,0,0,163.0,4.09717388923226,1,1
Ameena,6.4,1,0,0,1,0,0,0,0,0,0,0,0,1,0,0,0,0,0,0,107.0,0.0295588022415444,0,1
Do Aur Do Pyaar,6.4,0,0,0,1,0,1,1,0,0,0,0,0,0,0,0,0,0,0,0,140.0,1.728109442151599,1,0
Srikanth,7.4,1,0,0,1,0,0,0,0,0,0,0,0,0,0,0,0,0,0,0,134.0,3.9328055446106744,0,0
Mr. & Mrs. Mahi,5.9,0,0,0,1,0,0,0,0,0,0,0,0,0,0,0,0,1,0,0,139.0,3.6184569898173904,0,0
Savi,6.1,1,0,0,1,0,0,0,0,0,0,0,0,1,0,0,0,0,0,0,126.0,2.1938856760707046,0,0
Munjya,6.3,1,0,0,1,0,0,0,0,0,0,0,0,0,0,0,0,0,0,0,123.0,4.686565824192085,0,0
Chandu Champion,7.8,1,0,0,1,0,0,0,0,0,0,1,0,0,0,0,0,0,0,0,142.0,4.158101528024852,1,1
Hamare Baarah,7.2,0,0,0,1,0,0,0,0,0,0,0,0,0,0,0,0,0,0,0,148.0,0.15700374880966475,0,0
Ishq Vishk Rebound,5.6,0,0,0,1,0,1,0,0,0,0,0,0,0,0,0,0,0,0,0,106.0,1.7209792871670078,0,0
Kooki,5.8,0,0,0,1,0,0,0,0,0,0,0,0,0,0,0,0,0,0,0,116.0,0.009950330853168083,0,0
Kill,7.5,1,0,0,1,0,0,0,0,0,0,0,0,1,0,0,0,0,0,0,105.0,3.224857896545748,0,0
Sarfira,6.9,0,0,0,1,0,0,0,0,0,0,0,0,0,0,0,0,0,0,0,155.0,3.141130476243348,1,0
The Heist,6.9,1,1,0,0,0,1,0,0,0,0,0,0,0,0,0,0,0,0,0,120.0,0.04879016416943201,0,0
Bad Newz,4.7,0,0,0,0,0,1,1,0,0,0,0,0,0,0,0,0,0,0,0,142.0,4.208863015664693,1,0
Auron Mein Kahan Dum Tha,6.5,1,1,0,1,0,0,0,0,0,0,0,0,0,0,0,0,0,0,0,150.0,2.2607208888953467,1,0
Bardovi,7.0,0,0,0,1,0,0,0,0,0,0,0,0,0,0,0,0,0,0,0,150.0,0.039220713153281295,0,0
Ulajh,6.0,1,0,0,1,0,0,0,0,0,0,0,0,1,0,0,0,0,0,0,150.0,2.2300144001592104,0,0
Vedaa,6.0,1,0,0,1,0,0,0,0,0,0,0,0,1,0,0,0,0,0,0,145.0,3.056356895370426,0,0
Khel Khel Mein,6.5,1,0,0,1,0,0,0,0,0,0,0,0,0,0,0,0,0,0,0,135.0,0.9932517730102834,1,0
Stree 2: Sarkate Ka Aatank,6.9,1,0,0,1,0,0,0,0,0,0,0,0,0,0,0,0,0,0,0,147.0,6.442572013094847,2,0
Yudhra,5.0,1,0,0,1,0,0,0,0,0,0,0,0,1,0,0,0,0,0,0,142.0,2.510411940196362,0,0
Vicky Vidya Ka Woh Wala Video,5.1,1,0,0,0,0,0,0,0,0,0,0,0,0,0,0,0,0,0,0,152.0,3.702782359282928,0,1
Jigra,6.0,1,0,0,1,0,0,0,0,0,0,0,0,1,0,0,0,0,0,0,153.0,3.4560011737028296,1,1
Aayushmati Geeta Matric Pass,7.4,0,0,0,1,0,0,0,0,0,0,0,0,0,0,0,0,0,0,0,137.0,0.06765864847381481,0,0
Singham Again,4.7,1,0,0,1,0,0,0,0,0,0,0,0,1,0,0,0,0,0,0,144.0,5.596011649126543,4,1
Bhool Bhulaiyaa 3,4.6,1,0,0,1,0,0,0,0,0,0,0,0,1,0,0,0,0,0,0,158.0,5.651787179537821,2,1
Ella,9.2,0,0,0,0,0,0,0,1,0,0,0,0,0,0,0,0,0,0,0,91.0,0.019802627296179712,0,0
The Sabarmati Report,6.4,1,0,0,1,0,0,0,0,0,0,0,0,1,0,0,0,0,0,0,127.0,3.475376779836407,0,0
Naam,6.3,1,0,0,1,0,0,0,0,1,0,0,0,0,0,0,0,0,0,0,136.0,0.37156355643248307,1,0
I Want to Talk,7.1,1,0,0,0,0,0,0,0,0,0,0,0,0,0,0,0,0,0,0,122.0,0.8109302162163288,0,0
Vanvaas,6.6,1,0,0,1,0,0,0,0,0,0,0,0,0,0,0,0,0,0,0,160.0,1.715598108262491,0,1
Baby John,5.2,1,0,0,1,0,0,0,0,0,0,0,0,1,0,0,0,0,0,0,159.0,3.610377225958979,1,1
The Rabbit House,9.0,0,0,0,0,0,0,0,0,1,0,0,0,0,0,0,0,0,0,0,150.0,0.04879016416943201,0,0
Match Fixing,6.8,0,0,0,0,0,0,0,0,0,1,0,0,0,0,0,0,0,0,0,146.0,0.07696104113612832,0,0
Azaad,4.8,1,0,0,1,0,0,0,0,0,0,0,0,0,0,0,0,0,0,0,147.0,1.9906103279732201,1,0
Sangee,8.9,0,0,0,0,0,1,0,0,0,0,0,0,0,0,0,0,0,0,0,102.0,0.0295588022415444,0,0
Emergency,5.2,1,0,0,1,0,0,0,0,0,0,0,0,1,0,0,0,0,0,0,146.0,2.8633430855082453,0,0
Mission Grey House,7.0,1,0,0,1,0,0,0,0,0,0,0,0,1,0,0,0,0,0,0,118.0,0.019802627296179712,0,0
Sky Force,6.9,1,0,0,1,0,0,0,0,0,0,0,0,0,0,0,0,0,0,0,125.0,4.886129712679046,1,0
Deva,6.8,1,0,0,1,0,0,0,0,0,0,0,0,1,0,0,0,0,0,0,156.0,3.4986265269937014,1,0
Let's Meet,7.3,0,0,0,0,0,0,1,0,0,0,0,0,0,0,0,0,0,0,0,103.0,0.019802627296179712,0,0
Loveyapa,5.3,1,0,0,1,0,0,0,0,0,0,0,0,0,0,0,0,0,0,0,137.0,2.084429083190875,0,0
Chhaava,7.4,1,0,0,1,0,0,0,0,0,0,0,0,1,0,0,0,0,0,0,161.0,6.393791402715643,1,1
Mere Husband Ki Biwi,4.8,1,0,0,1,0,0,0,0,0,0,0,0,0,0,0,0,0,0,0,142.0,2.339880877737743,0,0
Moti Sethani,9.3,0,0,0,0,1,0,0,0,0,0,0,0,0,0,0,0,0,0,0,142.0,0.18232155679395462,0,0
Sarkari Baccha,9.4,0,0,0,0,0,1,0,0,0,0,0,0,0,0,0,0,0,0,0,128.0,0.0009995003330835331,0,0
Superboys of Malegaon,7.8,1,0,0,1,0,0,0,0,0,0,0,0,0,0,0,0,0,0,0,127.0,1.5129270120532565,0,0
Crazxy,7.0,1,0,0,0,0,0,0,0,0,0,0,0,0,0,0,0,0,0,0,93.0,2.492378664626701,0,0
The Diplomat,7.5,1,0,0,1,0,0,0,0,0,0,0,0,0,0,0,0,0,0,0,130.0,3.674526947889536,0,0
Baida,5.7,1,0,0,1,0,0,0,0,0,0,0,0,1,0,0,0,0,0,0,109.0,0.06765864847381481,0,0
Pintu Ki Pappi,7.3,0,0,0,1,0,1,1,0,0,0,0,0,0,0,0,0,0,0,0,135.0,0.33647223662121295,0,0
Sikandar,4.3,1,0,0,1,0,0,0,0,0,0,0,0,1,0,0,0,0,0,0,148.0,0.4054651081081644,1,0
Jaat,7.0,1,0,0,1,0,0,0,0,0,0,0,0,1,0,0,0,0,0,0,158.0,4.146937012341271,0,0
